game_date,home_team,away_team,winner,predicted_winner,confidence_0,confidence_1,cum_acc,home_odds,away_odds
2019-11-15,Toronto Maple Leafs,Boston Bruins,0,0,0.5073501150770435,0.4926498849229563,1.0,2.1,2.42
2019-11-15,New Jersey Devils,Pittsburgh Penguins,1,0,0.5058744935337939,0.494125506466206,0.5,2.4,2.19
2019-11-15,Washington Capitals,Montreal Canadiens,0,1,0.4202915638318406,0.5797084361681593,0.3333333333333333,1.8,3.2
2019-11-15,Columbus Blue Jackets,St Louis Blues,1,1,0.4916982645332149,0.5083017354667851,0.5,2.45,2.18
2019-11-15,Ottawa Senators,Philadelphia Flyers,1,0,0.5290561957382712,0.4709438042617284,0.4,2.9,1.88
2019-11-16,Minnesota Wild,Carolina Hurricanes,0,0,0.5437855444979209,0.4562144555020789,0.5,2.45,2.2
2019-11-16,Tampa Bay Lightning,Winnipeg Jets,0,1,0.4711989567368723,0.5288010432631279,0.42857142857142855,1.47,4.45
2019-11-16,Edmonton Oilers,Dallas Stars,0,1,0.4646051119507016,0.5353948880492985,0.375,2.1,2.65
2019-11-16,Arizona Coyotes,Calgary Flames,1,1,0.4475915496822676,0.5524084503177322,0.4444444444444444,2.18,2.42
2019-11-16,Los Angeles Kings,Vegas Golden Knights,1,1,0.481859146515603,0.5181408534843971,0.5,2.86,1.84
2019-11-16,Boston Bruins,Washington Capitals,0,1,0.4296118632791971,0.5703881367208028,0.45454545454545453,2.14,2.44
2019-11-16,Buffalo Sabres,Ottawa Senators,1,1,0.4016942018533255,0.5983057981466744,0.5,1.65,3.45
2019-11-16,Montreal Canadiens,New Jersey Devils,0,1,0.2866082571621912,0.713391742837809,0.46153846153846156,1.77,3.05
2019-11-16,Florida Panthers,New York Rangers,1,1,0.333625967258169,0.6663740327418315,0.5,1.6,3.44
2019-11-16,Philadelphia Flyers,New York Islanders,0,1,0.4307296831495195,0.5692703168504807,0.4666666666666667,2.35,2.27
2019-11-16,Pittsburgh Penguins,Toronto Maple Leafs,1,1,0.4248342816129801,0.5751657183870201,0.5,1.95,2.65
2019-11-16,St Louis Blues,Anaheim Ducks,0,1,0.3960047691744592,0.603995230825541,0.47058823529411764,1.72,3.3
2019-11-16,Nashville Predators,Chicago Blackhawks,0,1,0.3815229093591274,0.6184770906408731,0.4444444444444444,1.61,3.6
2019-11-16,Vancouver Canucks,Colorado Avalanche,0,1,0.4682991207295512,0.5317008792704491,0.42105263157894735,1.9,2.86
2019-11-16,San Jose Sharks,Detroit Red Wings,1,1,0.3960772790467692,0.6039227209532309,0.45,1.45,4.2
2019-11-17,Chicago Blackhawks,Buffalo Sabres,1,0,0.5195599750973438,0.4804400249026563,0.42857142857142855,2.0,2.7
2019-11-17,Vegas Golden Knights,Calgary Flames,1,1,0.437729164397601,0.562270835602399,0.45454545454545453,1.8,3.05
2019-11-18,Washington Capitals,Anaheim Ducks,1,1,0.3297250163357319,0.6702749836642684,0.4782608695652174,1.52,3.8
2019-11-18,Arizona Coyotes,Los Angeles Kings,1,1,0.4648682132186285,0.5351317867813714,0.5,1.76,3.14
2019-11-19,Buffalo Sabres,Minnesota Wild,0,1,0.4350112546514564,0.5649887453485435,0.48,2.27,2.5
2019-11-19,Florida Panthers,Philadelphia Flyers,1,1,0.4745548189753645,0.5254451810246354,0.5,1.92,2.75
2019-11-19,New Jersey Devils,Boston Bruins,0,0,0.5089186736996353,0.4910813263003647,0.5185185185185185,2.8,1.91
2019-11-19,Pittsburgh Penguins,New York Islanders,0,1,0.4157869609833401,0.5842130390166601,0.5,2.06,2.6
2019-11-19,Columbus Blue Jackets,Montreal Canadiens,1,0,0.5298248278214013,0.4701751721785986,0.4827586206896552,2.6,2.15
2019-11-19,Detroit Red Wings,Ottawa Senators,0,1,0.4743509970002386,0.5256490029997614,0.4666666666666667,2.08,2.5
2019-11-19,St Louis Blues,Tampa Bay Lightning,1,1,0.4909068691527853,0.5090931308472146,0.4838709677419355,2.6,2.18
2019-11-19,Nashville Predators,Winnipeg Jets,0,1,0.4253392277314543,0.5746607722685456,0.46875,1.64,3.5
2019-11-19,Chicago Blackhawks,Carolina Hurricanes,0,0,0.554513092733503,0.4454869072664967,0.48484848484848486,2.55,2.09
2019-11-19,Dallas Stars,Vancouver Canucks,1,1,0.47740927026804,0.5225907297319599,0.5,1.88,3.05
2019-11-19,Calgary Flames,Colorado Avalanche,0,0,0.524841850148101,0.4751581498518986,0.5142857142857142,2.09,2.55
2019-11-19,Vegas Golden Knights,Toronto Maple Leafs,1,1,0.4230865716355769,0.5769134283644235,0.5277777777777778,1.8,2.95
2019-11-19,San Jose Sharks,Edmonton Oilers,0,1,0.4832631624923021,0.5167368375076979,0.5135135135135135,1.92,2.67
2019-11-20,Montreal Canadiens,Ottawa Senators,0,1,0.3758945754033946,0.6241054245966057,0.5,1.6,3.8
2019-11-20,New York Rangers,Washington Capitals,1,0,0.5793875778278123,0.4206124221721877,0.48717948717948717,3.14,1.71
2019-11-21,Boston Bruins,Buffalo Sabres,1,1,0.3258761058390833,0.6741238941609162,0.5,1.41,4.5
2019-11-21,Florida Panthers,Anaheim Ducks,1,1,0.4070592344195649,0.5929407655804347,0.5121951219512195,1.71,3.3
2019-11-21,New York Islanders,Pittsburgh Penguins,1,1,0.487818678220195,0.512181321779805,0.5238095238095238,1.94,2.77
2019-11-21,Carolina Hurricanes,Philadelphia Flyers,0,1,0.4405888418138688,0.5594111581861309,0.5116279069767442,1.88,2.9
2019-11-21,Columbus Blue Jackets,Detroit Red Wings,1,1,0.4109653161664369,0.5890346838335629,0.5227272727272727,1.67,3.41
2019-11-21,St Louis Blues,Calgary Flames,1,1,0.4483914268088456,0.5516085731911544,0.5333333333333333,1.95,3.0
2019-11-21,Nashville Predators,Vancouver Canucks,0,1,0.4381996500637427,0.5618003499362575,0.5217391304347826,1.67,3.3
2019-11-21,Minnesota Wild,Colorado Avalanche,1,1,0.4746004363441474,0.5253995636558527,0.5319148936170213,2.18,2.49
2019-11-21,Chicago Blackhawks,Tampa Bay Lightning,0,0,0.5365516942766221,0.463448305723378,0.5416666666666666,2.7,2.05
2019-11-21,Dallas Stars,Winnipeg Jets,1,1,0.4314196870124218,0.5685803129875785,0.5510204081632653,1.77,3.25
2019-11-21,Arizona Coyotes,Toronto Maple Leafs,0,1,0.4604882315080144,0.5395117684919858,0.54,2.3,2.37
2019-11-21,Vegas Golden Knights,San Jose Sharks,0,1,0.3874474940087241,0.612552505991276,0.5294117647058824,1.69,3.2
2019-11-21,Los Angeles Kings,Edmonton Oilers,1,1,0.4345274341280054,0.5654725658719943,0.5384615384615384,2.6,2.0
2019-11-22,Pittsburgh Penguins,New Jersey Devils,1,1,0.349348937917591,0.6506510620824093,0.5471698113207547,1.9,2.85
2019-11-22,Ottawa Senators,New York Rangers,1,1,0.4234161158318858,0.5765838841681143,0.5555555555555556,2.12,2.41
2019-11-23,Washington Capitals,Vancouver Canucks,0,1,0.4244699267943368,0.5755300732056632,0.5454545454545454,1.63,3.38
2019-11-23,Philadelphia Flyers,Calgary Flames,0,1,0.3937197284932209,0.6062802715067793,0.5357142857142857,2.03,2.57
2019-11-23,Los Angeles Kings,Arizona Coyotes,0,1,0.4516184885221341,0.5483815114778657,0.5263157894736842,2.52,2.12
2019-11-23,Boston Bruins,Minnesota Wild,1,1,0.3426382847825232,0.6573617152174773,0.5344827586206896,1.55,3.8
2019-11-23,Montreal Canadiens,New York Rangers,0,1,0.325411569732071,0.6745884302679289,0.5254237288135594,1.55,3.7
2019-11-23,Tampa Bay Lightning,Anaheim Ducks,1,1,0.4055769889495905,0.5944230110504092,0.5333333333333333,1.58,3.8
2019-11-23,New Jersey Devils,Detroit Red Wings,1,1,0.4312397175159696,0.5687602824840302,0.5409836065573771,1.8,2.98
2019-11-23,Carolina Hurricanes,Florida Panthers,1,1,0.4038187964976032,0.5961812035023968,0.5483870967741935,1.88,2.8
2019-11-23,Winnipeg Jets,Columbus Blue Jackets,1,1,0.4258049861246089,0.5741950138753908,0.5555555555555556,2.0,2.6
2019-11-23,Colorado Avalanche,Toronto Maple Leafs,0,1,0.464088634181356,0.5359113658186441,0.546875,2.3,2.2
2019-11-23,St Louis Blues,Nashville Predators,0,0,0.5069243135942395,0.4930756864057605,0.5538461538461539,2.1,2.55
2019-11-23,Dallas Stars,Chicago Blackhawks,1,1,0.4162476540266668,0.583752345973333,0.5606060606060606,1.67,3.4
2019-11-23,Vegas Golden Knights,Edmonton Oilers,0,1,0.4482750424771406,0.5517249575228592,0.5522388059701493,1.64,3.35
2019-11-23,San Jose Sharks,New York Islanders,1,1,0.4926822397341245,0.5073177602658755,0.5588235294117647,2.65,2.24
2019-11-24,Florida Panthers,Buffalo Sabres,0,1,0.4245473270992859,0.5754526729007141,0.5507246376811594,1.93,2.7
2019-11-24,Detroit Red Wings,Carolina Hurricanes,0,0,0.587178010954118,0.4128219890458813,0.5571428571428572,3.25,1.69
2019-11-24,Arizona Coyotes,Edmonton Oilers,0,1,0.483088846769745,0.516911153230255,0.5492957746478874,2.12,2.5
2019-11-25,Tampa Bay Lightning,Buffalo Sabres,1,1,0.4357382149096519,0.5642617850903482,0.5555555555555556,1.45,4.2
2019-11-25,New York Rangers,Minnesota Wild,1,0,0.5282587153246707,0.4717412846753293,0.547945205479452,2.49,2.12
2019-11-25,Philadelphia Flyers,Vancouver Canucks,1,1,0.4383933238455128,0.5616066761544872,0.5540540540540541,1.9,2.82
2019-11-25,Pittsburgh Penguins,Calgary Flames,1,1,0.3710611843964042,0.6289388156035957,0.56,1.8,3.18
2019-11-25,Columbus Blue Jackets,Ottawa Senators,1,1,0.4408439247552031,0.5591560752447972,0.5657894736842105,1.76,3.1
2019-11-25,Nashville Predators,St Louis Blues,1,1,0.4146684262958384,0.5853315737041613,0.5714285714285714,1.85,2.93
2019-11-25,Dallas Stars,Vegas Golden Knights,1,1,0.460363194539408,0.5396368054605921,0.5769230769230769,1.99,2.7
2019-11-25,Anaheim Ducks,New York Islanders,1,0,0.5250129601702921,0.4749870398297078,0.569620253164557,2.82,2.03
2019-11-25,Los Angeles Kings,San Jose Sharks,0,1,0.4346530254607458,0.5653469745392542,0.5625,2.47,2.22
2019-11-26,Montreal Canadiens,Boston Bruins,0,1,0.4793428365046305,0.5206571634953695,0.5555555555555556,2.5,2.13
2019-11-26,New Jersey Devils,Minnesota Wild,0,1,0.4723727888332824,0.5276272111667173,0.5487804878048781,1.97,2.7
2019-11-26,Chicago Blackhawks,Dallas Stars,1,0,0.5630930291834454,0.436906970816554,0.5421686746987951,2.4,2.23
2019-11-27,Buffalo Sabres,Calgary Flames,0,1,0.4591360032487419,0.5408639967512582,0.5357142857142857,2.52,2.12
2019-11-27,Ottawa Senators,Boston Bruins,0,0,0.5654217354265787,0.4345782645734212,0.5411764705882353,2.96,1.83
2019-11-27,Detroit Red Wings,Toronto Maple Leafs,0,0,0.582412595249626,0.4175874047503737,0.5465116279069767,4.0,1.48
2019-11-27,Tampa Bay Lightning,St Louis Blues,0,1,0.4288066095816952,0.5711933904183046,0.5402298850574713,1.82,3.0
2019-11-27,New York Rangers,Carolina Hurricanes,1,0,0.5521435680551436,0.4478564319448562,0.5340909090909091,2.9,1.87
2019-11-27,Pittsburgh Penguins,Vancouver Canucks,1,1,0.4214870817624692,0.5785129182375308,0.5393258426966292,1.71,3.3
2019-11-27,Washington Capitals,Florida Panthers,1,1,0.4275637583759809,0.5724362416240187,0.5444444444444444,1.71,3.1
2019-11-27,Columbus Blue Jackets,Philadelphia Flyers,0,1,0.4953733618398436,0.5046266381601563,0.5384615384615384,2.19,2.42
2019-11-27,Nashville Predators,Vegas Golden Knights,0,1,0.4073707554746269,0.5926292445253729,0.532608695652174,1.93,2.75
2019-11-27,Arizona Coyotes,Anaheim Ducks,1,1,0.4285875706624822,0.5714124293375176,0.5376344086021505,1.92,2.83
2019-11-27,Colorado Avalanche,Edmonton Oilers,1,1,0.440621340764219,0.5593786592357809,0.5425531914893617,2.0,2.68
2019-11-27,Los Angeles Kings,New York Islanders,1,1,0.4234110487062813,0.5765889512937185,0.5473684210526316,2.85,1.91
2019-11-27,San Jose Sharks,Winnipeg Jets,0,1,0.4738353029031547,0.5261646970968452,0.5416666666666666,1.93,2.75
2019-11-28,Montreal Canadiens,New Jersey Devils,0,1,0.3912339237765185,0.6087660762234813,0.5360824742268041,1.8,2.95
2019-11-29,Boston Bruins,New York Rangers,1,1,0.3060582940994176,0.6939417059005827,0.5408163265306123,1.55,3.7
2019-11-29,Buffalo Sabres,Toronto Maple Leafs,1,1,0.4964583026769704,0.5035416973230296,0.5454545454545454,2.95,1.82
2019-11-29,Philadelphia Flyers,Detroit Red Wings,1,1,0.2469956133131765,0.7530043866868235,0.55,1.39,4.6
2019-11-29,Chicago Blackhawks,Colorado Avalanche,0,0,0.5652864775059515,0.434713522494048,0.5544554455445545,2.12,2.46
2019-11-29,Minnesota Wild,Ottawa Senators,1,1,0.4184572730117002,0.5815427269882997,0.5588235294117647,1.65,3.42
2019-11-29,Anaheim Ducks,Winnipeg Jets,0,1,0.4946077770284084,0.5053922229715915,0.5533980582524272,2.08,2.58
2019-11-29,San Jose Sharks,Los Angeles Kings,1,0,0.5035785432289248,0.4964214567710751,0.5480769230769231,1.74,3.08
2019-11-29,Washington Capitals,Tampa Bay Lightning,1,1,0.409203520978243,0.5907964790217569,0.5523809523809524,2.1,1.95
2019-11-29,Vegas Golden Knights,Arizona Coyotes,1,1,0.4614018183002454,0.5385981816997546,0.5566037735849056,1.81,3.03
2019-11-29,Columbus Blue Jackets,Pittsburgh Penguins,1,0,0.5537646778256109,0.4462353221743887,0.5514018691588785,2.4,2.19
2019-11-29,Carolina Hurricanes,Nashville Predators,0,1,0.4157729274582499,0.5842270725417495,0.5462962962962963,1.95,2.7
2019-11-29,Dallas Stars,St Louis Blues,0,1,0.4494168030108555,0.5505831969891449,0.5412844036697247,1.87,3.01
2019-11-30,New Jersey Devils,New York Rangers,0,1,0.449974498692286,0.5500255013077139,0.5363636363636364,1.89,2.95
2019-11-30,Montreal Canadiens,Philadelphia Flyers,0,1,0.4701693105383012,0.5298306894616986,0.5315315315315315,2.1,2.53
2019-11-30,Toronto Maple Leafs,Buffalo Sabres,1,1,0.4285234409330594,0.5714765590669405,0.5357142857142857,1.42,4.2
2019-11-30,Detroit Red Wings,Washington Capitals,0,0,0.5508145360758848,0.449185463924115,0.5398230088495575,3.8,1.53
2019-11-30,Tampa Bay Lightning,Carolina Hurricanes,0,0,0.5127686014748593,0.4872313985251409,0.543859649122807,1.8,3.06
2019-11-30,Florida Panthers,Nashville Predators,1,0,0.5031901145457914,0.4968098854542084,0.5391304347826087,2.16,2.46
2019-11-30,New York Islanders,Columbus Blue Jackets,1,1,0.4312254519758094,0.5687745480241906,0.5431034482758621,1.64,3.55
2019-11-30,Calgary Flames,Ottawa Senators,1,1,0.4309630760391322,0.5690369239608675,0.5470085470085471,1.47,4.15
2019-11-30,St Louis Blues,Pittsburgh Penguins,1,0,0.5203931658028368,0.4796068341971632,0.5423728813559322,2.08,2.57
2019-11-30,Arizona Coyotes,San Jose Sharks,0,1,0.4576429255570599,0.5423570744429402,0.5378151260504201,2.07,2.62
2019-11-30,Colorado Avalanche,Chicago Blackhawks,1,1,0.3665253291967753,0.6334746708032248,0.5416666666666666,1.76,3.05
2019-11-30,Edmonton Oilers,Vancouver Canucks,0,1,0.4675850578469165,0.5324149421530834,0.5371900826446281,1.99,2.6
2019-11-30,Los Angeles Kings,Winnipeg Jets,1,1,0.4805944435873225,0.5194055564126777,0.5409836065573771,2.25,2.54
2019-12-01,Minnesota Wild,Dallas Stars,1,1,0.4678247480947733,0.5321752519052264,0.5447154471544715,2.3,2.36
2019-12-01,Boston Bruins,Montreal Canadiens,1,1,0.4373206341565137,0.5626793658434861,0.5483870967741935,1.58,3.6
2019-12-01,Vancouver Canucks,Edmonton Oilers,0,1,0.4437218892746652,0.5562781107253347,0.544,2.15,2.46
2019-12-02,Buffalo Sabres,New Jersey Devils,1,1,0.4139593343782686,0.5860406656217311,0.5476190476190477,2.12,2.55
2019-12-02,New York Rangers,Vegas Golden Knights,0,0,0.5077470240382034,0.4922529759617964,0.5511811023622047,2.6,2.04
2019-12-02,Detroit Red Wings,New York Islanders,0,1,0.4969394355680431,0.503060564431957,0.546875,3.95,1.53
2019-12-02,Chicago Blackhawks,St Louis Blues,0,0,0.5313176832530053,0.4686823167469947,0.5503875968992248,2.56,2.05
2019-12-02,Anaheim Ducks,Los Angeles Kings,1,1,0.4793002812107531,0.5206997187892468,0.5538461538461539,1.92,2.84
2019-12-03,Boston Bruins,Carolina Hurricanes,1,1,0.4757718491962446,0.5242281508037554,0.5572519083969466,1.84,3.0
2019-12-03,Montreal Canadiens,New York Islanders,1,1,0.4240821468947121,0.5759178531052878,0.5606060606060606,2.12,2.5
2019-12-03,Florida Panthers,Minnesota Wild,0,1,0.4198615484750565,0.5801384515249433,0.556390977443609,2.0,2.6
2019-12-03,New Jersey Devils,Vegas Golden Knights,0,0,0.5149511907592188,0.4850488092407811,0.5597014925373134,2.7,1.95
2019-12-03,Philadelphia Flyers,Toronto Maple Leafs,1,1,0.4247748212758263,0.5752251787241734,0.562962962962963,2.35,2.17
2019-12-03,Columbus Blue Jackets,Arizona Coyotes,0,1,0.4592149865167458,0.5407850134832543,0.5588235294117647,2.2,2.5
2019-12-03,Nashville Predators,Tampa Bay Lightning,0,1,0.416759618072176,0.5832403819278238,0.5547445255474452,2.31,2.21
2019-12-03,Winnipeg Jets,Dallas Stars,1,1,0.4703766587438939,0.529623341256106,0.5579710144927537,2.4,2.3
2019-12-03,Vancouver Canucks,Ottawa Senators,1,1,0.3907758343670515,0.6092241656329486,0.5611510791366906,1.78,3.2
2019-12-03,San Jose Sharks,Washington Capitals,0,0,0.5637591759724357,0.4362408240275639,0.5642857142857143,2.45,2.12
2019-12-04,Toronto Maple Leafs,Colorado Avalanche,0,1,0.4960756210123928,0.5039243789876072,0.5602836879432624,1.98,2.55
2019-12-04,Pittsburgh Penguins,St Louis Blues,1,1,0.4438025187853586,0.5561974812146415,0.5633802816901409,2.21,2.4
2019-12-04,Edmonton Oilers,Ottawa Senators,0,1,0.400796961320103,0.5992030386798968,0.5594405594405595,1.53,3.9
2019-12-04,Los Angeles Kings,Washington Capitals,0,1,0.4936952015331604,0.5063047984668397,0.5555555555555556,2.8,1.88
2019-12-05,Boston Bruins,Chicago Blackhawks,0,1,0.2923092452957261,0.707690754704274,0.5517241379310345,1.47,4.1
2019-12-05,Montreal Canadiens,Colorado Avalanche,0,1,0.4953296406494078,0.5046703593505922,0.547945205479452,2.4,2.2
2019-12-05,Tampa Bay Lightning,Minnesota Wild,0,1,0.4103315660351271,0.5896684339648726,0.54421768707483,1.55,3.85
2019-12-05,New York Islanders,Vegas Golden Knights,1,1,0.4638600570032722,0.5361399429967277,0.5472972972972973,2.12,2.5
2019-12-05,Philadelphia Flyers,Arizona Coyotes,0,1,0.4154071508460717,0.5845928491539281,0.5436241610738255,1.85,3.05
2019-12-05,Carolina Hurricanes,San Jose Sharks,1,1,0.3706685535976592,0.6293314464023414,0.5466666666666666,1.82,3.0
2019-12-05,Columbus Blue Jackets,New York Rangers,0,1,0.4046884003720921,0.5953115996279078,0.543046357615894,2.0,2.77
2019-12-05,Dallas Stars,Winnipeg Jets,1,1,0.4450412994388469,0.5549587005611534,0.5460526315789473,1.8,3.25
2019-12-05,Calgary Flames,Buffalo Sabres,1,1,0.4651399269634597,0.5348600730365403,0.5490196078431373,1.77,3.15
2019-12-06,New Jersey Devils,Chicago Blackhawks,0,1,0.4491385568091107,0.550861443190889,0.5454545454545454,1.9,2.76
2019-12-06,New York Rangers,Montreal Canadiens,0,0,0.5159889107603954,0.4840110892396045,0.5483870967741935,2.4,2.15
2019-12-06,Pittsburgh Penguins,Arizona Coyotes,1,1,0.3848461149217729,0.6151538850782271,0.5512820512820513,1.66,3.45
2019-12-06,Edmonton Oilers,Los Angeles Kings,1,1,0.4419550006210934,0.5580449993789065,0.554140127388535,1.78,3.07
2019-12-06,Anaheim Ducks,Washington Capitals,0,0,0.5739496534235546,0.4260503465764449,0.5569620253164557,3.05,1.8
2019-12-07,Philadelphia Flyers,Ottawa Senators,1,1,0.3485352555439133,0.6514647444560869,0.559748427672956,1.55,3.7
2019-12-07,Vancouver Canucks,Buffalo Sabres,1,1,0.4177854510986908,0.582214548901309,0.5625,1.84,2.92
2019-12-07,Boston Bruins,Colorado Avalanche,0,1,0.4013859944668514,0.5986140055331484,0.5590062111801242,1.85,2.92
2019-12-07,Detroit Red Wings,Pittsburgh Penguins,0,0,0.5435780839383113,0.4564219160616884,0.5617283950617284,3.4,1.63
2019-12-07,Tampa Bay Lightning,San Jose Sharks,1,1,0.3989665097593012,0.6010334902406991,0.5644171779141104,1.58,3.68
2019-12-07,Florida Panthers,Columbus Blue Jackets,1,1,0.4210680559016937,0.5789319440983061,0.5670731707317073,1.75,3.1
2019-12-07,Carolina Hurricanes,Minnesota Wild,1,1,0.3759020588756876,0.6240979411243124,0.5696969696969697,1.79,3.05
2019-12-07,St Louis Blues,Toronto Maple Leafs,0,1,0.4761242797324443,0.5238757202675555,0.5662650602409639,2.15,2.5
2019-12-07,Nashville Predators,New Jersey Devils,1,1,0.3725774436918247,0.6274225563081752,0.5688622754491018,1.44,4.25
2019-12-07,Dallas Stars,New York Islanders,1,1,0.475116023637361,0.5248839763626391,0.5714285714285714,1.94,2.9
2019-12-07,Calgary Flames,Los Angeles Kings,1,1,0.4713337762303224,0.5286662237696776,0.5739644970414202,1.57,3.82
2019-12-08,Winnipeg Jets,Anaheim Ducks,1,1,0.4190135265300422,0.5809864734699576,0.5764705882352941,1.8,3.24
2019-12-08,Florida Panthers,San Jose Sharks,1,1,0.3990539637524841,0.600946036247516,0.5789473684210527,1.85,2.85
2019-12-08,Chicago Blackhawks,Arizona Coyotes,0,1,0.4934715941495621,0.506528405850438,0.5755813953488372,2.15,2.49
2019-12-08,Vegas Golden Knights,New York Rangers,0,1,0.3438283953798381,0.656171604620162,0.5722543352601156,1.56,3.6
2019-12-08,Edmonton Oilers,Buffalo Sabres,0,1,0.4530325927957943,0.5469674072042057,0.5689655172413793,1.67,3.2
2019-12-09,Tampa Bay Lightning,New York Islanders,0,1,0.4564290667877888,0.5435709332122113,0.5657142857142857,1.64,3.47
2019-12-09,Washington Capitals,Columbus Blue Jackets,0,1,0.4165623528737346,0.5834376471262654,0.5625,1.53,3.85
2019-12-09,Ottawa Senators,Boston Bruins,1,0,0.5621950684255129,0.4378049315744869,0.559322033898305,3.7,1.6
2019-12-09,Colorado Avalanche,Calgary Flames,0,1,0.4075175725850217,0.5924824274149783,0.5561797752808989,1.88,2.82
2019-12-10,Florida Panthers,Tampa Bay Lightning,0,1,0.4400652281326229,0.5599347718673768,0.553072625698324,2.2,2.28
2019-12-10,Pittsburgh Penguins,Montreal Canadiens,0,1,0.3936961092891936,0.6063038907108064,0.55,1.85,3.05
2019-12-10,Buffalo Sabres,St Louis Blues,1,1,0.4749663852944595,0.5250336147055404,0.5524861878453039,2.65,2.03
2019-12-10,Nashville Predators,San Jose Sharks,1,1,0.3799695483881287,0.6200304516118718,0.554945054945055,1.67,3.25
2019-12-10,Minnesota Wild,Anaheim Ducks,0,1,0.4267990400371706,0.5732009599628292,0.5519125683060109,1.85,3.2
2019-12-10,Winnipeg Jets,Detroit Red Wings,1,1,0.301452305666392,0.6985476943336079,0.5543478260869565,1.45,4.3
2019-12-10,Dallas Stars,New Jersey Devils,1,1,0.3447932909511942,0.6552067090488061,0.5567567567567567,1.52,3.95
2019-12-10,Edmonton Oilers,Carolina Hurricanes,0,0,0.5185637054837225,0.4814362945162775,0.5591397849462365,2.55,2.08
2019-12-10,Arizona Coyotes,Calgary Flames,0,1,0.441407893243695,0.558592106756305,0.5561497326203209,2.0,2.85
2019-12-10,Vancouver Canucks,Toronto Maple Leafs,0,1,0.458901920070966,0.5410980799290338,0.5531914893617021,2.6,2.0
2019-12-10,Vegas Golden Knights,Chicago Blackhawks,1,1,0.3963043804732166,0.6036956195267834,0.5555555555555556,1.52,3.8
2019-12-10,Los Angeles Kings,New York Rangers,1,1,0.3990796474089141,0.6009203525910854,0.5578947368421052,2.07,2.5
2019-12-11,Washington Capitals,Boston Bruins,1,1,0.4344328265081986,0.5655671734918014,0.5602094240837696,2.09,2.57
2019-12-11,Montreal Canadiens,Ottawa Senators,1,1,0.4068977208309939,0.5931022791690059,0.5625,1.8,3.01
2019-12-11,Colorado Avalanche,Philadelphia Flyers,1,1,0.453778027899586,0.5462219721004139,0.5647668393782384,1.75,3.11
2019-12-12,Buffalo Sabres,Nashville Predators,1,0,0.5057963780069732,0.4942036219930268,0.5618556701030928,2.75,1.94
2019-12-12,Tampa Bay Lightning,Boston Bruins,1,1,0.4775044851293053,0.5224955148706947,0.5641025641025641,1.9,2.8
2019-12-12,Florida Panthers,New York Islanders,0,1,0.43945857089459,0.5605414291054099,0.5612244897959183,2.03,2.79
2019-12-12,Pittsburgh Penguins,Columbus Blue Jackets,1,1,0.3662598460020692,0.6337401539979309,0.5634517766497462,1.8,3.0
2019-12-12,Detroit Red Wings,Winnipeg Jets,1,0,0.5110087615354353,0.4889912384645646,0.5606060606060606,4.0,1.49
2019-12-12,St Louis Blues,Vegas Golden Knights,1,1,0.4839045952922904,0.5160954047077096,0.5628140703517588,2.4,2.34
2019-12-12,Minnesota Wild,Edmonton Oilers,1,1,0.4517608680350237,0.548239131964976,0.565,2.15,2.5
2019-12-12,Calgary Flames,Toronto Maple Leafs,1,1,0.4779020541112142,0.5220979458887859,0.5671641791044776,2.42,2.11
2019-12-12,Arizona Coyotes,Chicago Blackhawks,1,1,0.4183923220404874,0.5816076779595128,0.5693069306930693,1.8,3.16
2019-12-12,Vancouver Canucks,Carolina Hurricanes,1,0,0.5335216459193297,0.4664783540806703,0.5665024630541872,2.43,2.12
2019-12-12,Anaheim Ducks,Los Angeles Kings,0,1,0.4761072013010794,0.5238927986989206,0.5637254901960784,1.87,3.0
2019-12-12,San Jose Sharks,New York Rangers,0,1,0.4120030421777615,0.5879969578222382,0.5609756097560976,1.74,3.08
2019-12-13,Dallas Stars,Vegas Golden Knights,0,1,0.4458752046681054,0.5541247953318945,0.558252427184466,1.71,3.32
2019-12-13,Colorado Avalanche,New Jersey Devils,1,1,0.361634659215406,0.638365340784594,0.5603864734299517,1.43,4.3
2019-12-14,Ottawa Senators,Columbus Blue Jackets,1,1,0.4851496226447016,0.5148503773552985,0.5625,2.2,2.35
2019-12-14,New York Islanders,Buffalo Sabres,1,1,0.4421528684200777,0.5578471315799224,0.5645933014354066,1.75,3.25
2019-12-14,Calgary Flames,Carolina Hurricanes,0,0,0.5407015568210629,0.459298443178937,0.5666666666666667,2.35,2.25
2019-12-14,Anaheim Ducks,New York Rangers,1,1,0.4464858788158031,0.553514121184197,0.5687203791469194,1.95,2.7
2019-12-14,Nashville Predators,Dallas Stars,0,1,0.448327252467664,0.5516727475323356,0.5660377358490566,1.85,3.05
2019-12-14,Montreal Canadiens,Detroit Red Wings,0,1,0.2789355875875597,0.7210644124124405,0.5633802816901409,1.47,4.1
2019-12-14,Tampa Bay Lightning,Washington Capitals,0,0,0.5003299929015464,0.4996700070984535,0.5654205607476636,1.88,2.87
2019-12-14,Florida Panthers,Boston Bruins,0,1,0.4758855546622473,0.5241144453377524,0.5627906976744186,2.46,2.12
2019-12-14,Pittsburgh Penguins,Los Angeles Kings,1,1,0.3593558133565082,0.6406441866434918,0.5648148148148148,1.6,3.6
2019-12-14,Minnesota Wild,Philadelphia Flyers,1,1,0.4829536510733392,0.5170463489266606,0.5668202764976958,2.13,2.59
2019-12-14,Edmonton Oilers,Toronto Maple Leafs,0,1,0.4774728296625301,0.5225271703374701,0.5642201834862385,2.66,1.95
2019-12-14,St Louis Blues,Chicago Blackhawks,1,1,0.3483608988834659,0.6516391011165342,0.5662100456621004,1.53,3.9
2019-12-14,Arizona Coyotes,New Jersey Devils,0,1,0.4216225967562803,0.5783774032437194,0.5636363636363636,1.52,4.0
2019-12-14,San Jose Sharks,Vancouver Canucks,1,0,0.5246626234200613,0.4753373765799387,0.5610859728506787,2.06,2.55
2019-12-15,Winnipeg Jets,Philadelphia Flyers,1,1,0.4910306097812857,0.5089693902187143,0.5630630630630631,1.8,3.14
2019-12-15,Detroit Red Wings,Los Angeles Kings,0,0,0.5436030951767588,0.456396904823241,0.5650224215246636,2.62,2.03
2019-12-15,Chicago Blackhawks,Minnesota Wild,1,0,0.5598933690028373,0.4401066309971624,0.5625,2.25,2.31
2019-12-15,Vegas Golden Knights,Vancouver Canucks,1,1,0.4379596244432025,0.5620403755567978,0.5644444444444444,1.58,3.62
2019-12-16,Florida Panthers,Ottawa Senators,1,1,0.401524410872071,0.5984755891279285,0.5663716814159292,1.57,3.55
2019-12-16,New York Rangers,Nashville Predators,0,0,0.5143694692339709,0.4856305307660291,0.5682819383259912,2.71,1.97
2019-12-16,Columbus Blue Jackets,Washington Capitals,1,0,0.5306417458090742,0.4693582541909256,0.5657894736842105,3.05,1.8
2019-12-16,St Louis Blues,Colorado Avalanche,1,0,0.5164953908887661,0.483504609111234,0.5633187772925764,2.15,2.53
2019-12-16,Dallas Stars,Edmonton Oilers,0,1,0.3920817386848635,0.6079182613151363,0.5608695652173913,1.71,3.5
2019-12-17,Boston Bruins,Los Angeles Kings,0,1,0.4289610759899718,0.5710389240100281,0.5584415584415584,1.41,4.6
2019-12-17,Toronto Maple Leafs,Buffalo Sabres,1,1,0.4295263133723524,0.5704736866276479,0.5603448275862069,1.57,3.7
2019-12-17,Tampa Bay Lightning,Ottawa Senators,1,1,0.3818654595064009,0.6181345404935993,0.5622317596566524,1.21,6.15
2019-12-17,New York Islanders,Nashville Predators,0,1,0.4678902601786042,0.532109739821396,0.5598290598290598,1.85,2.96
2019-12-17,Philadelphia Flyers,Anaheim Ducks,1,1,0.4083009641999986,0.591699035800001,0.5617021276595745,2.0,2.75
2019-12-17,Detroit Red Wings,Columbus Blue Jackets,0,0,0.5511640194642609,0.448835980535739,0.5635593220338984,2.75,1.95
2019-12-17,Winnipeg Jets,Carolina Hurricanes,0,0,0.530515372627648,0.4694846273723518,0.5654008438818565,2.0,2.05
2019-12-17,Calgary Flames,Pittsburgh Penguins,0,0,0.5511587145225667,0.4488412854774331,0.5672268907563025,2.15,2.42
2019-12-17,Vancouver Canucks,Montreal Canadiens,0,1,0.49229067678441,0.5077093232155899,0.5648535564853556,2.15,2.45
2019-12-17,Vegas Golden Knights,Minnesota Wild,1,1,0.4292936655114876,0.5707063344885124,0.5666666666666667,1.57,3.85
2019-12-17,San Jose Sharks,Arizona Coyotes,0,1,0.4982664351014076,0.5017335648985924,0.5643153526970954,2.28,2.39
2019-12-18,New Jersey Devils,Anaheim Ducks,1,1,0.4887903180307058,0.5112096819692942,0.5661157024793388,2.1,2.54
2019-12-18,Chicago Blackhawks,Colorado Avalanche,0,0,0.5792788121163609,0.4207211878836385,0.5679012345679012,2.9,1.85
2019-12-18,St Louis Blues,Edmonton Oilers,1,1,0.4102789081973563,0.5897210918026434,0.569672131147541,1.73,3.5
2019-12-19,Boston Bruins,New York Islanders,0,1,0.4241143195452381,0.575885680454762,0.5673469387755102,1.61,3.55
2019-12-19,Tampa Bay Lightning,Dallas Stars,0,1,0.4415169825852986,0.5584830174147012,0.5650406504065041,1.75,3.27
2019-12-19,Philadelphia Flyers,Buffalo Sabres,1,1,0.4223263362920931,0.577673663707907,0.5668016194331984,1.87,2.85
2019-12-19,Columbus Blue Jackets,Los Angeles Kings,1,1,0.4674968141498698,0.5325031858501302,0.5685483870967742,1.87,2.89
2019-12-19,Ottawa Senators,Nashville Predators,1,0,0.5424001689430511,0.4575998310569489,0.5662650602409639,2.85,1.85
2019-12-19,Winnipeg Jets,Chicago Blackhawks,0,1,0.357199697345526,0.6428003026544739,0.564,1.75,3.12
2019-12-19,Colorado Avalanche,Carolina Hurricanes,0,1,0.4923830429983818,0.5076169570016182,0.5617529880478087,2.19,2.41
2019-12-19,Calgary Flames,Montreal Canadiens,0,0,0.5049353574565123,0.4950646425434877,0.5634920634920635,1.95,2.8
2019-12-19,Arizona Coyotes,Minnesota Wild,0,1,0.4526552156956688,0.5473447843043311,0.5612648221343873,1.75,3.2
2019-12-19,Vancouver Canucks,Vegas Golden Knights,1,1,0.4983143324709017,0.5016856675290984,0.562992125984252,2.75,1.92
2019-12-20,Florida Panthers,Dallas Stars,1,1,0.4470880789508287,0.5529119210491712,0.5647058823529412,2.03,2.71
2019-12-20,New Jersey Devils,Washington Capitals,0,0,0.5700994904182599,0.4299005095817398,0.56640625,3.6,1.6
2019-12-20,New York Rangers,Toronto Maple Leafs,0,0,0.5070299875648111,0.4929700124351888,0.5680933852140078,3.2,1.73
2019-12-20,Edmonton Oilers,Pittsburgh Penguins,0,0,0.5270828841735388,0.4729171158264612,0.5697674418604651,2.56,2.11
2019-12-21,Buffalo Sabres,Los Angeles Kings,1,1,0.4745477869664825,0.5254522130335174,0.5714285714285714,1.93,2.96
2019-12-21,New York Islanders,Anaheim Ducks,0,1,0.4362398974148544,0.5637601025851453,0.5692307692307692,1.74,3.42
2019-12-21,Minnesota Wild,Winnipeg Jets,0,1,0.4558716809334956,0.544128319066504,0.5670498084291188,2.03,2.57
2019-12-21,Boston Bruins,Nashville Predators,0,1,0.4577200745997054,0.5422799254002947,0.5648854961832062,1.76,3.1
2019-12-21,Toronto Maple Leafs,Detroit Red Wings,1,1,0.2686320801269199,0.73136791987308,0.5665399239543726,1.33,4.85
2019-12-21,Ottawa Senators,Philadelphia Flyers,0,0,0.5205560366273481,0.4794439633726519,0.5681818181818182,2.7,1.9
2019-12-21,Washington Capitals,Tampa Bay Lightning,1,1,0.4361781824017484,0.5638218175982517,0.569811320754717,2.25,2.25
2019-12-21,Carolina Hurricanes,Florida Panthers,0,1,0.3891171618285544,0.6108828381714454,0.5676691729323309,1.62,3.48
2019-12-21,Columbus Blue Jackets,New Jersey Devils,1,1,0.3894827421575274,0.6105172578424727,0.5692883895131086,1.58,3.78
2019-12-21,Edmonton Oilers,Montreal Canadiens,1,0,0.5066977438215217,0.4933022561784783,0.5671641791044776,2.45,2.14
2019-12-21,Colorado Avalanche,Chicago Blackhawks,0,1,0.3006192601811248,0.6993807398188754,0.5650557620817844,1.53,3.8
2019-12-21,Vancouver Canucks,Pittsburgh Penguins,1,0,0.5597887083415144,0.4402112916584854,0.562962962962963,2.12,2.5
2019-12-21,San Jose Sharks,St Louis Blues,0,0,0.5061469114116741,0.4938530885883258,0.5645756457564576,2.68,2.1
2019-12-22,New York Rangers,Anaheim Ducks,1,1,0.4971028904416749,0.5028971095583251,0.5661764705882353,1.69,3.32
2019-12-22,Detroit Red Wings,Arizona Coyotes,0,0,0.5408581483873826,0.4591418516126173,0.5677655677655677,3.95,1.52
2019-12-22,Dallas Stars,Calgary Flames,0,1,0.4099385247415116,0.5900614752584884,0.5656934306569343,1.88,2.93
2019-12-22,San Jose Sharks,Vegas Golden Knights,0,0,0.5460996823560825,0.4539003176439173,0.5672727272727273,2.78,1.56
2019-12-23,Toronto Maple Leafs,Carolina Hurricanes,1,0,0.5147618038329469,0.4852381961670533,0.5652173913043478,2.03,2.55
2019-12-23,Minnesota Wild,Calgary Flames,1,1,0.4439200944911002,0.5560799055088999,0.5667870036101083,2.07,2.52
2019-12-23,Boston Bruins,Washington Capitals,1,1,0.4918737455801035,0.5081262544198965,0.5683453237410072,2.08,2.52
2019-12-23,Tampa Bay Lightning,Florida Panthers,1,1,0.4339666768971963,0.566033323102804,0.5698924731182796,1.66,3.28
2019-12-23,New York Islanders,Columbus Blue Jackets,0,1,0.4663115408789139,0.5336884591210862,0.5678571428571428,1.73,3.42
2019-12-23,Philadelphia Flyers,New York Rangers,1,1,0.3420207556051682,0.6579792443948317,0.5693950177935944,1.65,3.37
2019-12-23,Ottawa Senators,Buffalo Sabres,1,1,0.4812568515519692,0.5187431484480307,0.5709219858156028,2.45,2.14
2019-12-23,Nashville Predators,Arizona Coyotes,1,1,0.4135892784003949,0.586410721599605,0.5724381625441696,1.87,2.86
2019-12-23,Winnipeg Jets,Montreal Canadiens,0,1,0.491016378776835,0.5089836212231649,0.5704225352112676,2.26,2.3
2019-12-23,Chicago Blackhawks,New Jersey Devils,0,1,0.4472766688511877,0.5527233311488121,0.5684210526315789,1.78,3.1
2019-12-23,Vancouver Canucks,Edmonton Oilers,1,1,0.4350811688675832,0.5649188311324164,0.5699300699300699,1.95,2.7
2019-12-23,Vegas Golden Knights,Colorado Avalanche,0,1,0.4691843720641865,0.5308156279358135,0.5679442508710801,2.03,2.62
2019-12-23,Los Angeles Kings,St Louis Blues,0,1,0.4643195013063199,0.5356804986936801,0.5659722222222222,3.06,1.8
2019-12-27,Buffalo Sabres,Boston Bruins,0,0,0.5411004246192304,0.4588995753807698,0.5674740484429066,3.0,1.85
2019-12-27,New Jersey Devils,Toronto Maple Leafs,0,0,0.5653470637415051,0.4346529362584943,0.5689655172413793,3.42,1.63
2019-12-27,New York Rangers,Carolina Hurricanes,1,0,0.5352841977564035,0.4647158022435964,0.5670103092783505,2.89,1.86
2019-12-27,Washington Capitals,Columbus Blue Jackets,1,1,0.3945991584122341,0.6054008415877657,0.5684931506849316,1.48,4.1
2019-12-27,Nashville Predators,Pittsburgh Penguins,0,1,0.4607733459225435,0.5392266540774562,0.5665529010238908,1.85,2.85
2019-12-27,Winnipeg Jets,St Louis Blues,0,1,0.4830058735526198,0.5169941264473803,0.564625850340136,2.58,2.05
2019-12-27,Colorado Avalanche,Minnesota Wild,0,1,0.3990988274245415,0.6009011725754585,0.5627118644067797,1.54,3.75
2019-12-27,Chicago Blackhawks,New York Islanders,1,0,0.5423462026511091,0.4576537973488906,0.5608108108108109,2.77,1.93
2019-12-27,Edmonton Oilers,Calgary Flames,0,1,0.456943725399749,0.5430562746002509,0.5589225589225589,2.58,2.15
2019-12-27,Anaheim Ducks,Vegas Golden Knights,1,0,0.5210519314180195,0.4789480685819806,0.5570469798657718,3.08,1.8
2019-12-27,San Jose Sharks,Los Angeles Kings,0,0,0.5031234281401429,0.4968765718598572,0.5585284280936454,1.88,2.98
2019-12-28,Toronto Maple Leafs,New York Rangers,0,1,0.3459806049210986,0.6540193950789012,0.5566666666666666,1.49,4.0
2019-12-28,Tampa Bay Lightning,Montreal Canadiens,1,1,0.4551641758833361,0.5448358241166639,0.5581395348837209,1.57,3.66
2019-12-28,Florida Panthers,Detroit Red Wings,1,1,0.2704403801874134,0.7295596198125867,0.5596026490066225,1.32,4.95
2019-12-28,Pittsburgh Penguins,Nashville Predators,1,1,0.4375437800324728,0.5624562199675273,0.5610561056105611,2.08,2.55
2019-12-28,Carolina Hurricanes,Washington Capitals,1,1,0.4742865020280482,0.5257134979719519,0.5625,2.1,2.48
2019-12-28,Dallas Stars,Colorado Avalanche,1,1,0.4737525512393555,0.5262474487606446,0.5639344262295082,2.1,2.57
2019-12-28,Vancouver Canucks,Los Angeles Kings,1,1,0.4907732455539983,0.5092267544460017,0.565359477124183,1.72,3.22
2019-12-28,Vegas Golden Knights,Arizona Coyotes,1,1,0.4353772052673035,0.5646227947326966,0.5667752442996743,2.0,2.7
2019-12-28,San Jose Sharks,Philadelphia Flyers,1,0,0.5528028749505645,0.4471971250494355,0.564935064935065,2.6,2.03
2019-12-29,St Louis Blues,Winnipeg Jets,1,1,0.4273875834565714,0.5726124165434289,0.5663430420711975,1.65,3.45
2019-12-29,Ottawa Senators,New Jersey Devils,0,1,0.4412756786588378,0.558724321341162,0.5645161290322581,1.97,2.66
2019-12-29,Columbus Blue Jackets,Chicago Blackhawks,0,1,0.3965946396751948,0.6034053603248054,0.5627009646302251,1.82,3.1
2019-12-29,Minnesota Wild,New York Islanders,0,1,0.4460368339034004,0.5539631660965991,0.5608974358974359,2.18,2.5
2019-12-29,Boston Bruins,Buffalo Sabres,1,1,0.3315203582923814,0.6684796417076185,0.5623003194888179,1.49,4.1
2019-12-29,Tampa Bay Lightning,Detroit Red Wings,1,1,0.274683717902039,0.7253162820979611,0.5636942675159236,1.21,6.55
2019-12-29,Florida Panthers,Montreal Canadiens,1,1,0.4877580519108007,0.5122419480891994,0.5650793650793651,2.1,2.5
2019-12-29,Arizona Coyotes,Dallas Stars,0,1,0.4679513068110438,0.5320486931889561,0.5632911392405063,2.18,2.53
2019-12-29,Anaheim Ducks,Philadelphia Flyers,0,0,0.5307796294368589,0.4692203705631412,0.5646687697160884,2.4,2.24
2019-12-29,Calgary Flames,Vancouver Canucks,0,1,0.4657385874046737,0.5342614125953262,0.5628930817610063,1.6,3.72
2019-12-30,Pittsburgh Penguins,Ottawa Senators,1,1,0.302644765097326,0.6973552349026743,0.5642633228840125,1.35,4.85
2019-12-31,New Jersey Devils,Boston Bruins,1,0,0.5368111410103344,0.4631888589896656,0.5625,3.39,1.69
2019-12-31,Washington Capitals,New York Islanders,0,1,0.3867920588325444,0.6132079411674557,0.5607476635514018,1.68,3.3
2019-12-31,Vegas Golden Knights,Anaheim Ducks,1,1,0.400943121434773,0.5990568785652267,0.562111801242236,1.42,4.45
2019-12-31,Minnesota Wild,Toronto Maple Leafs,0,1,0.4791554269954034,0.5208445730045963,0.5603715170278638,2.6,2.03
2019-12-31,Buffalo Sabres,Tampa Bay Lightning,0,0,0.5415134934547273,0.4584865065452726,0.5617283950617284,3.11,1.75
2019-12-31,Carolina Hurricanes,Montreal Canadiens,1,1,0.4051017216111835,0.5948982783888161,0.563076923076923,1.71,3.26
2019-12-31,Columbus Blue Jackets,Florida Panthers,1,1,0.4478626039899951,0.552137396010005,0.5644171779141104,2.34,2.23
2019-12-31,Detroit Red Wings,San Jose Sharks,1,0,0.548582533081205,0.4514174669187948,0.5626911314984709,3.15,1.72
2019-12-31,Colorado Avalanche,Winnipeg Jets,0,1,0.4078217086578559,0.5921782913421443,0.5609756097560976,1.58,3.65
2019-12-31,Calgary Flames,Chicago Blackhawks,0,1,0.4240389683681683,0.5759610316318315,0.5592705167173252,1.66,3.35
2019-12-31,Edmonton Oilers,New York Rangers,1,1,0.4238024040724542,0.5761975959275459,0.5606060606060606,1.95,2.7
2019-12-31,Arizona Coyotes,St Louis Blues,1,1,0.493507077030797,0.5064929229692029,0.5619335347432024,2.43,2.23
2019-12-31,Los Angeles Kings,Philadelphia Flyers,1,0,0.5014964542033373,0.4985035457966627,0.5602409638554217,2.52,2.2
2020-01-01,Dallas Stars,Nashville Predators,1,1,0.4910747444911324,0.5089252555088677,0.5615615615615616,2.15,2.55
2020-01-02,Boston Bruins,Columbus Blue Jackets,0,1,0.4160354527630325,0.5839645472369672,0.5598802395209581,1.5,4.05
2020-01-02,Buffalo Sabres,Edmonton Oilers,1,1,0.4413348766845584,0.5586651233154414,0.5611940298507463,2.1,2.55
2020-01-02,Montreal Canadiens,Tampa Bay Lightning,0,1,0.4770714805310102,0.5229285194689897,0.5595238095238095,2.85,1.84
2020-01-02,New York Islanders,New Jersey Devils,0,1,0.4101056431155666,0.5898943568844331,0.5578635014836796,1.57,3.8
2020-01-02,Pittsburgh Penguins,San Jose Sharks,0,1,0.2908127513473656,0.7091872486526345,0.5562130177514792,1.64,3.44
2020-01-02,Ottawa Senators,Florida Panthers,0,0,0.5154759583259074,0.4845240416740926,0.5575221238938053,2.7,1.95
2020-01-02,Winnipeg Jets,Toronto Maple Leafs,0,0,0.5148899749733796,0.4851100250266204,0.5588235294117647,2.82,1.9
2020-01-02,Calgary Flames,New York Rangers,1,1,0.4242159514700276,0.5757840485299726,0.5601173020527859,1.72,3.15
2020-01-02,Arizona Coyotes,Anaheim Ducks,1,1,0.4078823491868031,0.5921176508131968,0.5614035087719298,1.68,3.46
2020-01-02,Colorado Avalanche,St Louis Blues,1,1,0.4346901480742126,0.5653098519257871,0.5626822157434402,2.0,2.7
2020-01-02,Vancouver Canucks,Chicago Blackhawks,1,1,0.4047121088485151,0.595287891151485,0.563953488372093,1.83,3.01
2020-01-02,Vegas Golden Knights,Philadelphia Flyers,1,1,0.4471240329790889,0.5528759670209111,0.5652173913043478,1.7,3.3
2020-01-03,Carolina Hurricanes,Washington Capitals,0,1,0.4523836005142345,0.5476163994857656,0.5635838150289018,2.11,2.44
2020-01-03,Dallas Stars,Detroit Red Wings,1,1,0.3095570178260127,0.690442982173987,0.5648414985590778,1.31,4.21
2020-01-04,Boston Bruins,Edmonton Oilers,0,1,0.3668712157926402,0.6331287842073597,0.5632183908045977,1.5,4.0
2020-01-04,Columbus Blue Jackets,San Jose Sharks,0,1,0.405176617779656,0.5948233822203444,0.5616045845272206,1.95,2.8
2020-01-04,Buffalo Sabres,Florida Panthers,1,1,0.4911124663486146,0.5088875336513853,0.5628571428571428,2.42,2.1
2020-01-04,Minnesota Wild,Winnipeg Jets,1,1,0.4484811479227623,0.5515188520772375,0.5641025641025641,1.9,2.8
2020-01-04,Vegas Golden Knights,St Louis Blues,1,1,0.4454684536832666,0.5545315463167335,0.5653409090909091,1.9,2.8
2020-01-04,Toronto Maple Leafs,New York Islanders,1,1,0.4333516142212245,0.5666483857787751,0.56657223796034,1.8,3.05
2020-01-04,Montreal Canadiens,Pittsburgh Penguins,0,0,0.5285326996724201,0.4714673003275798,0.5677966101694916,2.1,2.56
2020-01-04,Ottawa Senators,Tampa Bay Lightning,0,0,0.5618717453616042,0.4381282546383954,0.5690140845070423,3.82,1.5
2020-01-04,New Jersey Devils,Colorado Avalanche,0,0,0.5508674426526513,0.4491325573473486,0.5702247191011236,3.5,1.58
2020-01-04,Arizona Coyotes,Philadelphia Flyers,1,1,0.4907490665516299,0.5092509334483699,0.5714285714285714,2.0,2.75
2020-01-04,Vancouver Canucks,New York Rangers,1,1,0.3852291051636489,0.614770894836351,0.5726256983240223,1.89,2.85
2020-01-04,Los Angeles Kings,Nashville Predators,0,1,0.4898564052707985,0.5101435947292016,0.5710306406685237,2.5,2.2
2020-01-05,Washington Capitals,San Jose Sharks,1,1,0.3063557440452462,0.6936442559547541,0.5722222222222222,1.42,4.45
2020-01-05,Pittsburgh Penguins,Florida Panthers,0,1,0.3933402309447016,0.6066597690552983,0.5706371191135734,1.85,3.0
2020-01-05,Carolina Hurricanes,Tampa Bay Lightning,0,1,0.4265463466903602,0.5734536533096396,0.569060773480663,2.15,2.46
2020-01-05,Minnesota Wild,Calgary Flames,0,1,0.4364673756731482,0.5635326243268516,0.5674931129476584,2.31,2.26
2020-01-05,Chicago Blackhawks,Detroit Red Wings,1,1,0.3342190843974968,0.6657809156025032,0.5686813186813187,1.53,3.85
2020-01-05,Anaheim Ducks,Nashville Predators,1,0,0.5571264699792596,0.4428735300207401,0.5671232876712329,2.6,2.09
2020-01-06,Toronto Maple Leafs,Edmonton Oilers,0,1,0.4004715837189613,0.599528416281039,0.5655737704918032,1.49,3.9
2020-01-06,Montreal Canadiens,Winnipeg Jets,0,1,0.4414727164602856,0.5585272835397147,0.5640326975476839,1.85,2.86
2020-01-06,New York Islanders,Colorado Avalanche,1,0,0.5113412034384963,0.4886587965615036,0.5625,2.51,2.09
2020-01-06,Los Angeles Kings,Columbus Blue Jackets,0,1,0.4536947796975316,0.546305220302468,0.5609756097560976,2.35,2.35
2020-01-07,Tampa Bay Lightning,Vancouver Canucks,1,1,0.408360690081121,0.5916393099188791,0.5621621621621622,1.51,4.05
2020-01-07,Florida Panthers,Arizona Coyotes,0,1,0.4359127922692548,0.5640872077307453,0.5606469002695418,1.98,2.7
2020-01-07,New Jersey Devils,New York Islanders,0,1,0.4840673085087218,0.5159326914912782,0.5591397849462365,2.49,2.17
2020-01-07,Washington Capitals,Ottawa Senators,1,1,0.2986957597435369,0.7013042402564631,0.5603217158176944,1.38,4.6
2020-01-07,Carolina Hurricanes,Philadelphia Flyers,1,1,0.3967182697500959,0.6032817302499041,0.5614973262032086,1.74,3.1
2020-01-07,New York Rangers,Colorado Avalanche,1,0,0.5467997517045696,0.4532002482954301,0.56,2.75,1.9
2020-01-07,Detroit Red Wings,Montreal Canadiens,1,0,0.5622210342808187,0.4377789657191809,0.5585106382978723,3.02,1.8
2020-01-07,St Louis Blues,San Jose Sharks,1,1,0.3911661025932724,0.6088338974067274,0.5596816976127321,1.65,3.5
2020-01-07,Nashville Predators,Boston Bruins,0,1,0.4655747806073403,0.5344252193926597,0.5582010582010583,2.44,2.19
2020-01-07,Chicago Blackhawks,Calgary Flames,0,1,0.4800090526208693,0.5199909473791305,0.5567282321899736,2.65,2.0
2020-01-07,Vegas Golden Knights,Pittsburgh Penguins,0,0,0.5036596375862207,0.4963403624137793,0.5578947368421052,1.75,2.6
2020-01-07,Anaheim Ducks,Columbus Blue Jackets,0,0,0.5068016904320408,0.4931983095679591,0.5590551181102362,2.14,2.56
2020-01-08,Toronto Maple Leafs,Winnipeg Jets,0,1,0.410203390446882,0.5897966095531182,0.5575916230366492,1.58,3.55
2020-01-08,Philadelphia Flyers,Washington Capitals,1,0,0.5194547102582122,0.4805452897417877,0.556135770234987,2.59,2.08
2020-01-08,Los Angeles Kings,Dallas Stars,0,1,0.474293538662387,0.525706461337613,0.5546875,2.88,1.93
2020-01-09,Boston Bruins,Winnipeg Jets,1,1,0.3708330620357938,0.6291669379642064,0.5558441558441558,1.42,4.45
2020-01-09,Montreal Canadiens,Edmonton Oilers,0,1,0.4334533889293401,0.56654661107066,0.5544041450777202,2.0,2.63
2020-01-09,Tampa Bay Lightning,Arizona Coyotes,1,1,0.414485999887144,0.5855140001128561,0.5555555555555556,1.52,3.85
2020-01-09,Florida Panthers,Vancouver Canucks,1,1,0.422925833659988,0.5770741663400117,0.5567010309278351,1.85,2.9
2020-01-09,New York Rangers,New Jersey Devils,1,1,0.469794833024192,0.530205166975808,0.5578406169665809,1.76,3.08
2020-01-09,St Louis Blues,Buffalo Sabres,1,1,0.4408923880604924,0.5591076119395075,0.558974358974359,1.58,3.74
2020-01-09,Chicago Blackhawks,Nashville Predators,0,0,0.5370653720664846,0.4629346279335156,0.5601023017902813,2.66,1.95
2020-01-09,Calgary Flames,Minnesota Wild,1,1,0.4466788707187612,0.5533211292812387,0.5612244897959183,1.87,2.9
2020-01-09,Vegas Golden Knights,Los Angeles Kings,0,1,0.40827057684245,0.5917294231575495,0.5597964376590331,1.43,4.55
2020-01-09,Anaheim Ducks,Dallas Stars,0,0,0.5394552308176949,0.4605447691823049,0.5609137055837563,2.74,2.08
2020-01-09,San Jose Sharks,Columbus Blue Jackets,1,0,0.5056917644873227,0.4943082355126772,0.5594936708860759,2.07,2.65
2020-01-10,Detroit Red Wings,Ottawa Senators,1,0,0.5588913288287186,0.4411086711712813,0.5580808080808081,2.53,2.07
2020-01-10,Carolina Hurricanes,Arizona Coyotes,1,1,0.4029895105857234,0.5970104894142765,0.5591939546599496,1.7,3.35
2020-01-10,Colorado Avalanche,Pittsburgh Penguins,0,1,0.4909461731558946,0.5090538268441054,0.5577889447236181,1.8,3.02
2020-01-11,Buffalo Sabres,Vancouver Canucks,0,1,0.4419718721020039,0.5580281278979963,0.556390977443609,2.19,2.5
2020-01-11,Ottawa Senators,Montreal Canadiens,0,0,0.5104624515813728,0.4895375484186271,0.5575,2.75,1.92
2020-01-11,New York Islanders,Boston Bruins,0,0,0.5178601233176358,0.4821398766823642,0.5586034912718204,2.6,2.08
2020-01-11,Philadelphia Flyers,Tampa Bay Lightning,0,0,0.5011143809888705,0.4988856190111295,0.5597014925373134,2.75,1.91
2020-01-11,Washington Capitals,New Jersey Devils,0,1,0.3129115324115146,0.6870884675884855,0.5583126550868487,1.31,4.39
2020-01-11,Carolina Hurricanes,Los Angeles Kings,1,1,0.3162518226628568,0.6837481773371431,0.5594059405940595,1.55,3.75
2020-01-11,St Louis Blues,New York Rangers,1,1,0.3795307175342013,0.6204692824657985,0.5604938271604938,1.59,3.6
2020-01-11,Chicago Blackhawks,Anaheim Ducks,1,1,0.4607664213291918,0.539233578670808,0.5615763546798029,2.08,2.6
2020-01-11,Calgary Flames,Edmonton Oilers,1,1,0.4442752860724957,0.555724713927504,0.5626535626535627,1.82,3.01
2020-01-11,Vegas Golden Knights,Columbus Blue Jackets,0,1,0.4190198692631792,0.5809801307368206,0.5612745098039216,1.53,3.95
2020-01-11,San Jose Sharks,Dallas Stars,1,0,0.5121097160892485,0.4878902839107513,0.5599022004889975,2.67,2.05
2020-01-12,Winnipeg Jets,Nashville Predators,0,0,0.5049834592491085,0.4950165407508914,0.5609756097560976,2.35,2.2
2020-01-12,Minnesota Wild,Vancouver Canucks,0,1,0.4327897182742372,0.5672102817257628,0.559610705596107,1.79,3.14
2020-01-12,Detroit Red Wings,Buffalo Sabres,0,0,0.568608830743856,0.4313911692561434,0.5606796116504854,2.66,2.0
2020-01-12,Arizona Coyotes,Pittsburgh Penguins,0,0,0.5491231388198162,0.4508768611801837,0.5617433414043583,2.55,2.22
2020-01-12,Florida Panthers,Toronto Maple Leafs,1,1,0.4690816004786292,0.5309183995213707,0.5628019323671497,2.59,2.0
2020-01-12,New Jersey Devils,Tampa Bay Lightning,1,0,0.5721127286365303,0.4278872713634692,0.5614457831325301,3.75,1.55
2020-01-13,Montreal Canadiens,Calgary Flames,1,1,0.4404318244443234,0.5595681755556764,0.5625,2.27,2.29
2020-01-13,New York Rangers,New York Islanders,1,0,0.5240016770881654,0.4759983229118347,0.5611510791366906,2.55,2.1
2020-01-13,Philadelphia Flyers,Boston Bruins,1,1,0.4790888704753788,0.5209111295246213,0.562200956937799,2.75,2.0
2020-01-13,Washington Capitals,Carolina Hurricanes,1,1,0.4603840091408441,0.5396159908591558,0.5632458233890215,1.9,2.73
2020-01-13,St Louis Blues,Anaheim Ducks,1,1,0.3614380244238373,0.6385619755761632,0.5642857142857143,1.48,4.15
2020-01-14,Buffalo Sabres,Vegas Golden Knights,1,0,0.5089452399563458,0.4910547600436542,0.5629453681710214,3.14,1.79
2020-01-14,Toronto Maple Leafs,New Jersey Devils,1,1,0.3624863523381225,0.6375136476618777,0.5639810426540285,1.4,4.4
2020-01-14,Tampa Bay Lightning,Los Angeles Kings,1,1,0.3757848217680219,0.6242151782319777,0.5650118203309693,1.39,4.5
2020-01-14,New York Islanders,Detroit Red Wings,1,1,0.3295880901439414,0.6704119098560587,0.5660377358490566,1.45,4.35
2020-01-14,Pittsburgh Penguins,Minnesota Wild,1,1,0.3418673185898577,0.6581326814101423,0.5670588235294117,1.71,3.24
2020-01-14,Columbus Blue Jackets,Boston Bruins,1,0,0.521276521836179,0.4787234781638209,0.5657276995305164,2.9,1.93
2020-01-14,Ottawa Senators,Chicago Blackhawks,0,1,0.4598090639175646,0.5401909360824353,0.5644028103044496,2.19,2.33
2020-01-14,Winnipeg Jets,Vancouver Canucks,1,1,0.4715276264986937,0.5284723735013062,0.5654205607476636,2.05,2.56
2020-01-14,Colorado Avalanche,Dallas Stars,0,1,0.434225278380763,0.5657747216192368,0.5641025641025641,1.92,2.82
2020-01-14,Edmonton Oilers,Nashville Predators,1,1,0.4860524393487042,0.5139475606512958,0.5651162790697675,2.45,2.17
2020-01-14,Arizona Coyotes,San Jose Sharks,1,1,0.4278107037375837,0.5721892962624164,0.5661252900232019,1.95,2.85
2020-01-15,Montreal Canadiens,Chicago Blackhawks,0,1,0.4085282451377556,0.5914717548622443,0.5648148148148148,1.77,3.25
2020-01-15,St Louis Blues,Philadelphia Flyers,0,1,0.4645563887572919,0.535443611242708,0.5635103926096998,1.64,3.45
2020-01-16,Boston Bruins,Pittsburgh Penguins,1,1,0.4868241610545719,0.5131758389454281,0.5645161290322581,2.05,2.55
2020-01-16,Toronto Maple Leafs,Calgary Flames,0,1,0.4019335231112234,0.5980664768887769,0.5632183908045977,1.85,2.9
2020-01-16,Florida Panthers,Los Angeles Kings,1,1,0.4521912526139299,0.5478087473860701,0.5642201834862385,1.7,3.26
2020-01-16,New York Islanders,New York Rangers,0,1,0.3996133361742758,0.6003866638257238,0.562929061784897,1.84,3.0
2020-01-16,Philadelphia Flyers,Montreal Canadiens,0,1,0.4589872856540812,0.5410127143459188,0.5616438356164384,1.99,2.6
2020-01-16,Washington Capitals,New Jersey Devils,1,1,0.3030804397985684,0.6969195602014316,0.5626423690205011,1.31,4.73
2020-01-16,Columbus Blue Jackets,Carolina Hurricanes,1,0,0.5248171562344214,0.4751828437655787,0.5613636363636364,2.72,2.03
2020-01-16,Ottawa Senators,Vegas Golden Knights,0,0,0.5355436320455688,0.4644563679544312,0.562358276643991,3.48,1.67
2020-01-16,Nashville Predators,Anaheim Ducks,0,1,0.3817631443438785,0.6182368556561216,0.5610859728506787,1.61,3.65
2020-01-16,Minnesota Wild,Tampa Bay Lightning,1,0,0.5458551486073742,0.4541448513926259,0.5598194130925508,2.93,1.81
2020-01-16,Dallas Stars,Buffalo Sabres,0,1,0.4283193629665717,0.5716806370334285,0.5585585585585585,1.57,3.85
2020-01-16,Colorado Avalanche,San Jose Sharks,1,1,0.351802215595368,0.6481977844046318,0.5595505617977528,1.51,3.95
2020-01-16,Vancouver Canucks,Arizona Coyotes,1,1,0.4509917469222945,0.5490082530777054,0.5605381165919282,2.23,2.45
2020-01-17,Detroit Red Wings,Pittsburgh Penguins,0,0,0.5585172291621949,0.4414827708378046,0.5615212527964206,4.3,1.47
2020-01-17,Carolina Hurricanes,Anaheim Ducks,0,1,0.3116555577304633,0.6883444422695368,0.5602678571428571,1.51,3.9
2020-01-17,Winnipeg Jets,Tampa Bay Lightning,0,0,0.5460623748736593,0.4539376251263404,0.5612472160356348,2.78,1.9
2020-01-18,New York Islanders,Washington Capitals,0,0,0.5307924615028764,0.4692075384971239,0.5622222222222222,2.6,2.03
2020-01-18,Colorado Avalanche,St Louis Blues,1,1,0.4210280626077757,0.578971937392224,0.5631929046563193,1.93,2.75
2020-01-18,Edmonton Oilers,Arizona Coyotes,1,1,0.4535269635695511,0.546473036430449,0.5641592920353983,2.18,2.51
2020-01-18,Ottawa Senators,Calgary Flames,1,1,0.49820500330413,0.5017949966958701,0.565121412803532,3.0,1.79
2020-01-18,Toronto Maple Leafs,Chicago Blackhawks,0,1,0.397014422198387,0.6029855778016131,0.5638766519823789,1.56,3.68
2020-01-18,Montreal Canadiens,Vegas Golden Knights,1,1,0.4659917725089493,0.5340082274910506,0.5648351648351648,2.6,2.05
2020-01-18,Detroit Red Wings,Florida Panthers,0,0,0.5465468487524011,0.4534531512475987,0.5657894736842105,3.9,1.52
2020-01-18,Philadelphia Flyers,Los Angeles Kings,1,1,0.4486973825317981,0.5513026174682017,0.5667396061269147,1.8,3.05
2020-01-18,Columbus Blue Jackets,New Jersey Devils,1,1,0.3929147846164988,0.6070852153835015,0.5676855895196506,1.68,3.4
2020-01-18,Nashville Predators,Buffalo Sabres,1,1,0.4152970030159036,0.5847029969840961,0.5686274509803921,1.61,3.6
2020-01-18,Minnesota Wild,Dallas Stars,1,1,0.4733681668115364,0.5266318331884635,0.5695652173913044,2.47,2.25
2020-01-18,Vancouver Canucks,San Jose Sharks,1,1,0.4090517312309239,0.5909482687690759,0.5704989154013015,1.9,2.8
2020-01-19,Pittsburgh Penguins,Boston Bruins,1,1,0.4319759697026593,0.5680240302973406,0.5714285714285714,2.08,2.54
2020-01-19,Carolina Hurricanes,New York Islanders,1,1,0.3473273369290636,0.6526726630709364,0.572354211663067,1.6,3.64
2020-01-19,New York Rangers,Columbus Blue Jackets,0,0,0.5071261220058302,0.4928738779941698,0.5732758620689655,2.0,2.64
2020-01-19,Chicago Blackhawks,Winnipeg Jets,1,1,0.46389445533323,0.53610554466677,0.5741935483870968,2.2,2.37
2020-01-20,Colorado Avalanche,Detroit Red Wings,1,1,0.2875131615957713,0.7124868384042287,0.575107296137339,1.21,6.3
2020-01-20,Minnesota Wild,Florida Panthers,0,1,0.4753391913794155,0.5246608086205843,0.5738758029978587,2.25,2.36
2020-01-21,Boston Bruins,Vegas Golden Knights,1,1,0.4669943584537565,0.5330056415462436,0.5747863247863247,1.85,2.91
2020-01-21,New York Rangers,New York Islanders,0,0,0.5048564278708819,0.4951435721291182,0.5756929637526652,2.26,2.4
2020-01-21,Carolina Hurricanes,Winnipeg Jets,1,1,0.3896287972736685,0.6103712027263314,0.5765957446808511,1.68,3.5
2020-01-21,Philadelphia Flyers,Pittsburgh Penguins,1,0,0.5115781798154876,0.4884218201845126,0.5753715498938429,2.65,1.95
2020-01-21,Chicago Blackhawks,Florida Panthers,0,0,0.5270094838559926,0.4729905161440076,0.576271186440678,1.85,1.95
2020-01-22,Columbus Blue Jackets,Winnipeg Jets,1,1,0.4272035483643829,0.5727964516356174,0.5771670190274841,1.6,3.85
2020-01-22,Minnesota Wild,Detroit Red Wings,1,1,0.2989948428659786,0.7010051571340215,0.5780590717299579,1.36,4.7
2020-01-27,Montreal Canadiens,Washington Capitals,0,0,0.5187996594734446,0.4812003405265553,0.5789473684210527,2.58,2.05
2020-01-27,Ottawa Senators,New Jersey Devils,0,1,0.458255806462725,0.5417441935372747,0.5777310924369747,2.02,2.6
2020-01-27,Nashville Predators,Toronto Maple Leafs,0,1,0.4532438105955171,0.5467561894044827,0.5765199161425576,2.17,2.36
2020-01-27,Dallas Stars,Tampa Bay Lightning,1,0,0.513136123139339,0.4868638768606611,0.5753138075313807,2.68,2.01
2020-01-27,Vancouver Canucks,St Louis Blues,1,1,0.4756687787929746,0.5243312212070254,0.5762004175365344,2.62,2.02
2020-01-27,San Jose Sharks,Anaheim Ducks,1,1,0.4511787590889169,0.5488212409110829,0.5770833333333333,1.88,2.9
2020-01-28,Buffalo Sabres,Ottawa Senators,0,1,0.4078870303301348,0.5921129696698647,0.5758835758835759,1.57,3.72
2020-01-28,Calgary Flames,St Louis Blues,0,0,0.510062027887495,0.4899379721125049,0.5767634854771784,2.2,2.49
2020-01-29,Washington Capitals,Nashville Predators,0,1,0.4187734968474946,0.5812265031525056,0.5755693581780539,1.79,2.96
2020-01-29,Dallas Stars,Toronto Maple Leafs,0,1,0.4979520738768559,0.5020479261231441,0.5743801652892562,2.18,2.44
2020-01-29,Edmonton Oilers,Calgary Flames,0,1,0.4527389394354256,0.5472610605645742,0.5731958762886598,2.09,2.6
2020-01-29,Anaheim Ducks,Arizona Coyotes,1,1,0.4932793363430023,0.5067206636569976,0.5740740740740741,2.61,2.1
2020-01-29,Los Angeles Kings,Tampa Bay Lightning,0,0,0.5076278249667587,0.4923721750332411,0.5749486652977412,4.1,1.53
2020-01-29,San Jose Sharks,Vancouver Canucks,0,0,0.5149987032546323,0.4850012967453677,0.5758196721311475,2.21,2.35
2020-01-30,Buffalo Sabres,Montreal Canadiens,0,1,0.4931600307978364,0.5068399692021637,0.5746421267893661,2.4,2.2
2020-01-30,New Jersey Devils,Nashville Predators,0,0,0.5527089965565583,0.4472910034434418,0.5755102040816327,2.84,1.9
2020-01-30,Arizona Coyotes,Los Angeles Kings,0,1,0.4574098572394307,0.5425901427605692,0.5743380855397149,1.73,3.31
2020-01-31,New York Rangers,Detroit Red Wings,1,1,0.3745896225364935,0.6254103774635069,0.5752032520325203,1.46,4.95
2020-01-31,Pittsburgh Penguins,Philadelphia Flyers,1,1,0.4063854960965884,0.5936145039034115,0.5760649087221096,1.61,3.45
2020-01-31,Ottawa Senators,Washington Capitals,0,0,0.5642837442768368,0.4357162557231627,0.5769230769230769,3.66,1.51
2020-01-31,Carolina Hurricanes,Vegas Golden Knights,0,1,0.4033499363421988,0.5966500636578009,0.5757575757575758,1.95,2.78
2020-01-31,Winnipeg Jets,Boston Bruins,0,0,0.5493316850857942,0.4506683149142056,0.5766129032258065,3.25,1.72
2020-01-31,Edmonton Oilers,St Louis Blues,1,1,0.4759453791927316,0.5240546208072683,0.5774647887323944,2.52,2.1
2020-01-31,Anaheim Ducks,Tampa Bay Lightning,0,0,0.5859303123207275,0.414069687679272,0.5783132530120482,3.54,1.61
2020-02-01,Buffalo Sabres,Columbus Blue Jackets,1,1,0.4949399639056505,0.5050600360943494,0.5791583166332666,2.49,2.2
2020-02-01,New York Islanders,Vancouver Canucks,0,1,0.4769317568823987,0.5230682431176014,0.578,1.94,2.8
2020-02-01,Montreal Canadiens,Florida Panthers,1,1,0.4663804036102604,0.5336195963897394,0.5788423153692615,2.08,2.56
2020-02-01,Toronto Maple Leafs,Ottawa Senators,1,1,0.3679838579819839,0.6320161420180163,0.5796812749003984,1.38,4.4
2020-02-01,Detroit Red Wings,New York Rangers,0,0,0.5364976199888958,0.4635023800111039,0.5805168986083499,3.25,1.71
2020-02-01,New Jersey Devils,Dallas Stars,0,0,0.5115439169268813,0.4884560830731185,0.5813492063492064,3.35,1.75
2020-02-01,Philadelphia Flyers,Colorado Avalanche,1,1,0.4732770796239313,0.5267229203760685,0.5821782178217821,3.05,1.8
2020-02-01,Winnipeg Jets,St Louis Blues,1,0,0.5144349814334963,0.4855650185665037,0.5810276679841897,2.9,1.85
2020-02-01,Nashville Predators,Vegas Golden Knights,0,1,0.4493594080608942,0.5506405919391054,0.5798816568047337,2.05,2.6
2020-02-01,Minnesota Wild,Boston Bruins,0,1,0.4927140339786612,0.5072859660213387,0.5787401574803149,2.52,2.12
2020-02-01,Arizona Coyotes,Chicago Blackhawks,0,1,0.4375376264316648,0.562462373568335,0.5776031434184676,1.93,2.74
2020-02-01,Calgary Flames,Edmonton Oilers,0,1,0.4493777817354704,0.5506222182645294,0.5764705882352941,1.76,3.16
2020-02-01,Los Angeles Kings,Anaheim Ducks,0,1,0.4179834553258092,0.5820165446741907,0.5753424657534246,2.02,2.75
2020-02-01,San Jose Sharks,Tampa Bay Lightning,0,0,0.5774406789012222,0.4225593210987772,0.576171875,3.15,1.73
2020-02-02,Washington Capitals,Pittsburgh Penguins,0,1,0.4284415826659246,0.5715584173340749,0.5750487329434698,1.87,2.85
2020-02-02,Montreal Canadiens,Columbus Blue Jackets,0,1,0.4494022962594525,0.5505977037405472,0.5739299610894941,1.95,2.86
2020-02-02,Carolina Hurricanes,Vancouver Canucks,1,1,0.411578503079668,0.588421496920332,0.574757281553398,1.68,3.35
2020-02-03,Toronto Maple Leafs,Florida Panthers,0,1,0.4234458200283356,0.5765541799716644,0.5736434108527132,1.68,3.24
2020-02-03,New York Rangers,Dallas Stars,0,0,0.5270354398549277,0.4729645601450722,0.574468085106383,2.71,1.98
2020-02-03,Detroit Red Wings,Philadelphia Flyers,0,0,0.5478112852756285,0.4521887147243713,0.5752895752895753,3.85,1.58
2020-02-04,Boston Bruins,Vancouver Canucks,1,1,0.393767308946982,0.6062326910530178,0.5761078998073218,1.57,3.95
2020-02-04,Buffalo Sabres,Colorado Avalanche,0,0,0.5536289466768334,0.4463710533231663,0.5769230769230769,3.48,1.65
2020-02-04,Tampa Bay Lightning,Vegas Golden Knights,1,1,0.4395664582082351,0.5604335417917647,0.5777351247600768,1.69,3.2
2020-02-04,New Jersey Devils,Montreal Canadiens,0,0,0.5481998024445,0.4518001975555,0.578544061302682,2.6,2.02
2020-02-04,New York Islanders,Dallas Stars,1,1,0.4974791807302738,0.5025208192697262,0.5793499043977055,2.12,2.69
2020-02-04,Washington Capitals,Los Angeles Kings,1,1,0.4038604564345794,0.5961395435654205,0.5801526717557252,1.47,4.25
2020-02-04,Columbus Blue Jackets,Florida Panthers,1,1,0.4705072351916423,0.5294927648083577,0.580952380952381,1.9,2.82
2020-02-04,Ottawa Senators,Anaheim Ducks,0,1,0.46314127834128,0.5368587216587198,0.5798479087452472,2.2,2.4
2020-02-04,St Louis Blues,Carolina Hurricanes,1,0,0.5020499115173152,0.4979500884826849,0.5787476280834914,1.9,2.9
2020-02-04,Minnesota Wild,Chicago Blackhawks,1,1,0.43009882904617,0.5699011709538297,0.5795454545454546,2.08,2.49
2020-02-04,Winnipeg Jets,Nashville Predators,0,0,0.504444647756252,0.4955553522437481,0.5803402646502835,2.45,2.15
2020-02-04,Calgary Flames,San Jose Sharks,0,1,0.4136462950963611,0.5863537049036388,0.5792452830188679,1.58,3.65
2020-02-04,Arizona Coyotes,Edmonton Oilers,1,1,0.473892358140682,0.5261076418593179,0.5800376647834274,2.18,2.4
2020-02-05,New York Rangers,Toronto Maple Leafs,1,0,0.5198223895921854,0.4801776104078145,0.5789473684210527,2.7,1.9
2020-02-05,Chicago Blackhawks,Boston Bruins,0,0,0.5581131593396944,0.4418868406603053,0.5797373358348968,3.3,1.83
2020-02-06,Buffalo Sabres,Detroit Red Wings,0,1,0.2831892106034085,0.7168107893965914,0.5786516853932584,1.54,3.85
2020-02-06,Montreal Canadiens,Anaheim Ducks,1,1,0.4029651258405952,0.597034874159405,0.5794392523364486,1.78,3.2
2020-02-06,Tampa Bay Lightning,Pittsburgh Penguins,1,1,0.4529187559288374,0.5470812440711625,0.5802238805970149,1.75,3.14
2020-02-06,Florida Panthers,Vegas Golden Knights,0,1,0.4897782802559089,0.5102217197440909,0.5791433891992551,2.66,2.0
2020-02-06,New York Islanders,Los Angeles Kings,1,1,0.422328100228809,0.577671899771191,0.5799256505576208,1.71,3.32
2020-02-06,Philadelphia Flyers,New Jersey Devils,0,1,0.3169612038590559,0.6830387961409443,0.5788497217068646,1.53,3.85
2020-02-06,Ottawa Senators,Colorado Avalanche,0,0,0.560892161555063,0.4391078384449368,0.5796296296296296,3.5,1.61
2020-02-06,St Louis Blues,Winnipeg Jets,0,1,0.4110812712978233,0.5889187287021768,0.5785582255083179,1.56,3.72
2020-02-06,Minnesota Wild,Vancouver Canucks,1,1,0.4465645820328057,0.5534354179671944,0.5793357933579336,2.11,2.72
2020-02-06,Calgary Flames,Nashville Predators,0,0,0.5015582760964266,0.4984417239035735,0.580110497237569,2.35,2.25
2020-02-06,Arizona Coyotes,Carolina Hurricanes,0,0,0.5220192450027068,0.4779807549972932,0.5808823529411765,2.55,2.15
2020-02-06,Edmonton Oilers,San Jose Sharks,0,1,0.4222241210425469,0.5777758789574533,0.5798165137614679,1.76,3.07
2020-02-07,Toronto Maple Leafs,Anaheim Ducks,1,1,0.3841018597865733,0.6158981402134266,0.5805860805860806,1.43,4.25
2020-02-07,New York Rangers,Buffalo Sabres,0,1,0.459546240747323,0.540453759252677,0.5795246800731262,1.66,3.26
2020-02-07,Columbus Blue Jackets,Detroit Red Wings,1,1,0.2736803110974098,0.7263196889025901,0.5802919708029197,1.25,6.0
2020-02-07,Dallas Stars,Minnesota Wild,0,1,0.4505919676718394,0.5494080323281606,0.5792349726775956,1.65,3.45
2020-02-08,Winnipeg Jets,Ottawa Senators,1,1,0.4202854046780094,0.5797145953219904,0.58,1.83,3.2
2020-02-08,Boston Bruins,Arizona Coyotes,1,1,0.3649678044590677,0.6350321955409327,0.5807622504537205,1.49,4.13
2020-02-08,Montreal Canadiens,Toronto Maple Leafs,1,1,0.4554191034022353,0.5445808965977648,0.5815217391304348,2.3,2.4
2020-02-08,Tampa Bay Lightning,New York Islanders,1,1,0.4076976359171176,0.5923023640828826,0.5822784810126582,1.58,3.6
2020-02-08,Florida Panthers,Pittsburgh Penguins,0,0,0.5183899363180213,0.4816100636819788,0.5830324909747292,2.4,2.15
2020-02-08,New Jersey Devils,Los Angeles Kings,1,1,0.4760575567758239,0.5239424432241759,0.5837837837837838,2.24,2.4
2020-02-08,Washington Capitals,Philadelphia Flyers,0,1,0.4416669391869,0.5583330608130999,0.5827338129496403,1.67,3.3
2020-02-08,Columbus Blue Jackets,Colorado Avalanche,0,1,0.4815794511994739,0.5184205488005261,0.5816876122082585,2.85,1.9
2020-02-08,Edmonton Oilers,Nashville Predators,1,1,0.4738037280762388,0.5261962719237612,0.5824372759856631,2.05,1.9
2020-02-08,St Louis Blues,Dallas Stars,0,1,0.4379955806357785,0.5620044193642214,0.5813953488372093,1.68,3.4
2020-02-08,Vancouver Canucks,Calgary Flames,0,1,0.4524338790684081,0.547566120931592,0.5803571428571429,2.0,2.7
2020-02-08,Vegas Golden Knights,Carolina Hurricanes,0,1,0.4695785985611294,0.5304214014388704,0.5793226381461676,1.86,2.9
2020-02-09,Detroit Red Wings,Boston Bruins,1,0,0.5219102459106002,0.4780897540893994,0.5782918149466192,4.91,1.34
2020-02-09,Buffalo Sabres,Anaheim Ducks,0,1,0.4442153354393305,0.5557846645606691,0.5772646536412078,2.2,2.42
2020-02-09,New York Rangers,Los Angeles Kings,1,1,0.4689822600613487,0.5310177399386513,0.5780141843971631,1.68,3.28
2020-02-09,Winnipeg Jets,Chicago Blackhawks,1,1,0.4402880503783869,0.5597119496216124,0.5787610619469027,2.19,2.36
2020-02-09,Minnesota Wild,Colorado Avalanche,0,0,0.5075037416084742,0.4924962583915258,0.5795053003533569,2.55,2.05
2020-02-10,Montreal Canadiens,Arizona Coyotes,0,1,0.4252980900295634,0.5747019099704367,0.5784832451499118,1.87,3.0
2020-02-10,Philadelphia Flyers,Florida Panthers,1,1,0.4180778139131972,0.5819221860868027,0.579225352112676,1.92,2.7
2020-02-10,Washington Capitals,New York Islanders,0,1,0.3782923534190239,0.6217076465809758,0.5782073813708261,1.71,3.28
2020-02-10,Columbus Blue Jackets,Tampa Bay Lightning,0,0,0.515534888426134,0.4844651115738659,0.5789473684210527,3.06,1.82
2020-02-10,Vancouver Canucks,Nashville Predators,1,1,0.4949370182349136,0.5050629817650865,0.5796847635726795,2.41,2.19
2020-02-10,San Jose Sharks,Calgary Flames,0,1,0.4861027699753122,0.5138972300246877,0.5786713286713286,2.43,2.18
2020-02-11,Buffalo Sabres,Detroit Red Wings,1,1,0.2905057217128678,0.7094942782871322,0.5794066317626527,1.58,3.85
2020-02-11,Toronto Maple Leafs,Arizona Coyotes,1,1,0.4187350635532061,0.5812649364467942,0.5801393728222997,1.57,3.7
2020-02-11,New Jersey Devils,Florida Panthers,0,0,0.5428605178043306,0.4571394821956689,0.5808695652173913,2.55,2.04
2020-02-11,New York Islanders,Philadelphia Flyers,1,1,0.4799123493943971,0.5200876506056028,0.5815972222222222,2.05,2.54
2020-02-11,Pittsburgh Penguins,Tampa Bay Lightning,0,1,0.4574114200892686,0.5425885799107312,0.5805892547660312,2.07,2.5
2020-02-11,Minnesota Wild,Vegas Golden Knights,1,1,0.490586136895368,0.5094138631046319,0.5813148788927336,2.8,1.9
2020-02-11,Winnipeg Jets,New York Rangers,0,1,0.435478789686446,0.564521210313554,0.5803108808290155,2.14,2.55
2020-02-11,Dallas Stars,Carolina Hurricanes,1,1,0.4975790410382665,0.5024209589617336,0.5810344827586207,2.18,2.06
2020-02-11,Colorado Avalanche,Ottawa Senators,1,1,0.3088425177822517,0.6911574822177483,0.5817555938037866,1.39,4.6
2020-02-11,Edmonton Oilers,Chicago Blackhawks,1,1,0.4219665475475517,0.5780334524524483,0.5824742268041238,2.15,2.45
2020-02-12,Boston Bruins,Montreal Canadiens,1,1,0.4275133857159301,0.5724866142840701,0.5831903945111492,1.53,3.9
2020-02-12,Los Angeles Kings,Calgary Flames,1,1,0.4743089455812332,0.5256910544187668,0.583904109589041,2.68,1.97
2020-02-12,Vancouver Canucks,Chicago Blackhawks,1,1,0.4259909415173987,0.5740090584826011,0.5846153846153846,1.81,3.05
2020-02-13,Buffalo Sabres,Columbus Blue Jackets,1,1,0.4905786933616969,0.5094213066383029,0.5853242320819113,2.41,2.2
2020-02-13,Toronto Maple Leafs,Dallas Stars,0,1,0.4286798021844138,0.5713201978155855,0.5843270868824532,1.85,2.98
2020-02-13,Tampa Bay Lightning,Edmonton Oilers,1,1,0.3886850107289472,0.6113149892710529,0.5850340136054422,1.55,4.05
2020-02-13,Florida Panthers,Philadelphia Flyers,0,1,0.4808118950639586,0.5191881049360413,0.5840407470288624,2.04,2.55
2020-02-13,New Jersey Devils,Detroit Red Wings,1,1,0.3452521042208755,0.6547478957791245,0.5847457627118644,1.74,3.2
2020-02-13,Ottawa Senators,Arizona Coyotes,1,0,0.5145347348935204,0.4854652651064797,0.583756345177665,2.65,2.0
2020-02-13,Nashville Predators,New York Islanders,1,1,0.4449914852166835,0.555008514783316,0.5844594594594594,1.86,2.85
2020-02-13,Minnesota Wild,New York Rangers,0,1,0.4144521753786369,0.5855478246213629,0.5834738617200674,1.95,2.71
2020-02-13,Colorado Avalanche,Washington Capitals,0,1,0.4710276525780901,0.5289723474219097,0.5824915824915825,1.99,2.63
2020-02-13,Vegas Golden Knights,St Louis Blues,1,1,0.4433142152474113,0.5566857847525889,0.5831932773109244,1.9,2.81
2020-02-13,Anaheim Ducks,Calgary Flames,0,1,0.495639734690865,0.504360265309135,0.5822147651006712,2.4,2.27
2020-02-14,Pittsburgh Penguins,Montreal Canadiens,1,1,0.4366308612126016,0.5633691387873985,0.5829145728643216,1.63,3.58
2020-02-14,Columbus Blue Jackets,New York Rangers,0,1,0.4076733998091022,0.5923266001908977,0.5819397993311036,1.97,2.79
2020-02-14,Winnipeg Jets,San Jose Sharks,0,1,0.4485878594306207,0.5514121405693792,0.5809682804674458,1.79,3.15
2020-02-14,Carolina Hurricanes,New Jersey Devils,1,1,0.3395193852845046,0.6604806147154952,0.5816666666666667,1.37,4.82
2020-02-15,Boston Bruins,Detroit Red Wings,1,1,0.2767415386377727,0.7232584613622276,0.5823627287853578,1.21,4.27
2020-02-15,St Louis Blues,Nashville Predators,0,1,0.4768838805902655,0.5231161194097346,0.5813953488372093,1.92,2.86
2020-02-15,Tampa Bay Lightning,Philadelphia Flyers,1,1,0.434513681855352,0.565486318144648,0.582089552238806,1.66,3.45
2020-02-15,Florida Panthers,Edmonton Oilers,0,1,0.4275322559403291,0.5724677440596705,0.5811258278145696,1.76,3.05
2020-02-15,Minnesota Wild,San Jose Sharks,0,1,0.4139161924547431,0.5860838075452571,0.5801652892561984,1.51,4.35
2020-02-15,Montreal Canadiens,Dallas Stars,0,1,0.4628992357564833,0.5371007642435163,0.5792079207920792,2.56,2.14
2020-02-15,Ottawa Senators,Toronto Maple Leafs,0,0,0.5540313863339027,0.445968613666097,0.5799011532125206,3.38,1.69
2020-02-15,Colorado Avalanche,Los Angeles Kings,0,1,0.3971617559894428,0.6028382440105567,0.5789473684210527,1.39,4.65
2020-02-15,Calgary Flames,Chicago Blackhawks,0,1,0.4258852501895603,0.5741147498104395,0.5779967159277504,2.0,2.66
2020-02-15,Arizona Coyotes,Washington Capitals,1,0,0.5631391382734936,0.436860861726506,0.5770491803278689,2.69,2.05
2020-02-15,Vegas Golden Knights,New York Islanders,1,1,0.3987947972942399,0.6012052027057602,0.5777414075286416,1.72,3.38
2020-02-16,Pittsburgh Penguins,Detroit Red Wings,1,1,0.2730793312097125,0.7269206687902876,0.5784313725490197,1.18,7.35
2020-02-16,New York Rangers,Boston Bruins,0,0,0.5538234211371497,0.44617657886285,0.5791190864600326,2.85,1.66
2020-02-16,Carolina Hurricanes,Edmonton Oilers,0,1,0.3893866209656599,0.6106133790343399,0.5781758957654723,1.52,4.1
2020-02-16,Vancouver Canucks,Anaheim Ducks,0,1,0.4498792316776211,0.5501207683223789,0.5772357723577236,1.88,2.93
2020-02-16,Ottawa Senators,Dallas Stars,1,0,0.5324161965288993,0.4675838034711008,0.5762987012987013,3.21,1.75
2020-02-16,New Jersey Devils,Columbus Blue Jackets,1,0,0.5208493109829144,0.4791506890170857,0.5753646677471637,2.76,2.03
2020-02-16,Nashville Predators,St Louis Blues,1,1,0.4386463949396408,0.5613536050603593,0.5760517799352751,2.15,2.45
2020-02-16,Buffalo Sabres,Toronto Maple Leafs,1,0,0.5289132868403797,0.4710867131596204,0.5751211631663974,2.95,1.83
2020-02-16,Winnipeg Jets,Chicago Blackhawks,1,1,0.4369666142641952,0.5630333857358042,0.5758064516129032,1.85,2.9
2020-02-17,Calgary Flames,Anaheim Ducks,1,1,0.414875594729634,0.5851244052703656,0.5764895330112721,1.66,3.48
2020-02-17,Arizona Coyotes,New York Islanders,1,1,0.4628270369888858,0.5371729630111142,0.5771704180064309,2.1,1.9
2020-02-17,San Jose Sharks,Florida Panthers,0,0,0.5043701836949837,0.4956298163050163,0.5778491171749599,2.82,1.95
2020-02-17,Vegas Golden Knights,Washington Capitals,1,1,0.4698868170555779,0.5301131829444222,0.5785256410256411,1.92,2.7
2020-02-17,Colorado Avalanche,Tampa Bay Lightning,0,1,0.481196229266678,0.518803770733322,0.5776,2.37,2.2
2020-02-18,Philadelphia Flyers,Columbus Blue Jackets,1,1,0.4183182640263098,0.5816817359736899,0.5782747603833865,1.86,3.0
2020-02-18,Pittsburgh Penguins,Toronto Maple Leafs,1,1,0.4246666082878081,0.5753333917121918,0.5789473684210527,1.85,2.85
2020-02-18,Ottawa Senators,Buffalo Sabres,1,1,0.4987481813107061,0.5012518186892938,0.5796178343949044,2.5,2.08
2020-02-18,Detroit Red Wings,Montreal Canadiens,1,0,0.5689604842640941,0.4310395157359054,0.5786963434022258,3.8,1.58
2020-02-18,St Louis Blues,New Jersey Devils,1,1,0.373092008698896,0.6269079913011039,0.5793650793650794,1.37,4.6
2020-02-18,Nashville Predators,Carolina Hurricanes,0,1,0.4824896103338058,0.5175103896661941,0.5784469096671949,2.03,2.6
2020-02-18,Winnipeg Jets,Los Angeles Kings,1,1,0.4744327528102357,0.5255672471897643,0.5791139240506329,1.75,3.25
2020-02-19,Chicago Blackhawks,New York Rangers,0,1,0.4519745680572621,0.5480254319427375,0.5781990521327014,2.03,2.55
2020-02-19,Dallas Stars,Arizona Coyotes,1,1,0.4184713425375915,0.5815286574624083,0.5788643533123028,1.73,3.35
2020-02-19,Edmonton Oilers,Boston Bruins,0,0,0.5328015346959674,0.4671984653040328,0.5795275590551181,3.74,1.57
2020-02-19,Colorado Avalanche,New York Islanders,1,1,0.4039731003458601,0.59602689965414,0.5801886792452831,1.88,2.83
2020-02-19,Anaheim Ducks,Florida Panthers,0,0,0.5221597547905511,0.4778402452094488,0.5808477237048666,2.55,2.05
2020-02-19,Vancouver Canucks,Minnesota Wild,0,1,0.4841153924223075,0.5158846075776926,0.5799373040752351,2.0,2.6
2020-02-20,Toronto Maple Leafs,Pittsburgh Penguins,1,1,0.4979557952637602,0.5020442047362398,0.5805946791862285,2.11,2.41
2020-02-20,New Jersey Devils,San Jose Sharks,1,1,0.4638598387107269,0.5361401612892731,0.58125,2.03,2.65
2020-02-20,Washington Capitals,Montreal Canadiens,0,1,0.4256874556657316,0.5743125443342687,0.5803432137285491,1.55,3.66
2020-02-20,Columbus Blue Jackets,Philadelphia Flyers,0,1,0.4888287053379243,0.5111712946620757,0.5794392523364486,2.2,2.54
2020-02-20,Ottawa Senators,Winnipeg Jets,0,1,0.4995233260910967,0.5004766739089032,0.578538102643857,2.55,2.05
2020-02-20,St Louis Blues,Arizona Coyotes,1,1,0.4164569963140805,0.5835430036859193,0.5791925465838509,1.7,3.44
2020-02-20,Vegas Golden Knights,Tampa Bay Lightning,1,0,0.5048255568677964,0.4951744431322036,0.5782945736434109,2.35,2.25
2020-02-20,Los Angeles Kings,Florida Panthers,1,1,0.4987280499702707,0.5012719500297292,0.5789473684210527,3.0,1.85
2020-02-21,Carolina Hurricanes,New York Rangers,0,1,0.3469564591644024,0.6530435408355973,0.5780525502318392,1.83,2.95
2020-02-21,New York Islanders,Detroit Red Wings,1,1,0.2786734065475028,0.7213265934524971,0.5787037037037037,1.37,4.45
2020-02-21,Chicago Blackhawks,Nashville Predators,1,0,0.5185052508362851,0.4814947491637149,0.5778120184899846,2.45,2.1
2020-02-21,Dallas Stars,St Louis Blues,0,1,0.4604951541842522,0.5395048458157478,0.5769230769230769,1.85,3.0
2020-02-21,Calgary Flames,Boston Bruins,0,0,0.5412327336258554,0.4587672663741445,0.5775729646697388,2.9,1.91
2020-02-21,Edmonton Oilers,Minnesota Wild,0,1,0.4573695651551336,0.5426304348448665,0.5766871165644172,2.15,2.43
2020-02-21,Anaheim Ducks,Colorado Avalanche,0,0,0.5687565702153388,0.4312434297846607,0.5773353751914242,3.05,1.8
2020-02-22,New Jersey Devils,Washington Capitals,1,0,0.5898300488836238,0.4101699511163758,0.5764525993883792,3.65,1.54
2020-02-22,Philadelphia Flyers,Winnipeg Jets,1,1,0.4122559347845659,0.587744065215434,0.5770992366412214,1.85,2.95
2020-02-22,Pittsburgh Penguins,Buffalo Sabres,0,1,0.3523083810434714,0.6476916189565288,0.5762195121951219,1.52,3.85
2020-02-22,Toronto Maple Leafs,Carolina Hurricanes,0,1,0.4695641988930771,0.5304358011069226,0.5753424657534246,1.78,2.95
2020-02-22,Ottawa Senators,Montreal Canadiens,0,0,0.5091962847723531,0.4908037152276467,0.5759878419452887,2.8,1.88
2020-02-22,New York Rangers,San Jose Sharks,1,1,0.4505184590932917,0.5494815409067083,0.5766312594840668,1.78,3.03
2020-02-22,Nashville Predators,Columbus Blue Jackets,1,1,0.4408207226431794,0.5591792773568203,0.5772727272727273,1.81,3.1
2020-02-22,Arizona Coyotes,Tampa Bay Lightning,1,0,0.5688006368930479,0.4311993631069514,0.5763993948562783,3.11,1.79
2020-02-22,Vancouver Canucks,Boston Bruins,1,0,0.5530528489918428,0.446947151008157,0.5755287009063444,2.85,1.91
2020-02-22,Vegas Golden Knights,Florida Panthers,1,1,0.4274776945796517,0.5725223054203483,0.5761689291101055,1.55,3.55
2020-02-22,Los Angeles Kings,Colorado Avalanche,0,0,0.5226885484914833,0.4773114515085165,0.5768072289156626,3.05,1.8
2020-02-23,Washington Capitals,Pittsburgh Penguins,1,1,0.4350374342087773,0.5649625657912223,0.5774436090225564,1.91,2.9
2020-02-23,Buffalo Sabres,Winnipeg Jets,1,1,0.4478086565696129,0.552191343430387,0.5780780780780781,2.4,2.2
2020-02-23,Dallas Stars,Chicago Blackhawks,1,1,0.4084459659888864,0.5915540340111136,0.5787106446776612,1.63,3.55
2020-02-23,New York Islanders,San Jose Sharks,1,1,0.4385576250363913,0.5614423749636087,0.5793413173652695,1.55,4.05
2020-02-23,Detroit Red Wings,Calgary Flames,0,0,0.5736463582542687,0.4263536417457308,0.5799701046337817,3.95,1.52
2020-02-23,Minnesota Wild,St Louis Blues,0,1,0.4766306649172218,0.523369335082778,0.5791044776119403,2.47,2.2
2020-02-23,Anaheim Ducks,Vegas Golden Knights,0,0,0.5625290415328609,0.4374709584671387,0.5797317436661699,3.05,1.81
2020-02-23,Los Angeles Kings,Edmonton Oilers,0,1,0.4711610166084552,0.5288389833915448,0.5788690476190477,3.02,1.87
2020-02-24,Columbus Blue Jackets,Ottawa Senators,1,1,0.3787917816904577,0.6212082183095422,0.5794947994056464,1.52,4.0
2020-02-25,Boston Bruins,Calgary Flames,0,1,0.3621237635051931,0.6378762364948073,0.5786350148367952,1.61,3.52
2020-02-25,Montreal Canadiens,Vancouver Canucks,0,1,0.4490676592255578,0.5509323407744424,0.5777777777777777,1.91,2.8
2020-02-25,Tampa Bay Lightning,Toronto Maple Leafs,0,1,0.4268250946372685,0.5731749053627315,0.5769230769230769,1.66,3.22
2020-02-25,New York Islanders,New York Rangers,0,1,0.4401215606778653,0.5598784393221347,0.5760709010339734,1.93,2.79
2020-02-25,Philadelphia Flyers,San Jose Sharks,1,1,0.3555649990269152,0.6444350009730847,0.5766961651917404,1.43,4.4
2020-02-25,Washington Capitals,Winnipeg Jets,1,1,0.3929815231873586,0.6070184768126413,0.5773195876288659,1.53,3.65
2020-02-25,Carolina Hurricanes,Dallas Stars,0,1,0.4180601738826221,0.5819398261173773,0.5764705882352941,2.18,2.5
2020-02-25,Detroit Red Wings,New Jersey Devils,0,0,0.5591057195980654,0.4408942804019343,0.5770925110132159,2.57,2.11
2020-02-25,St Louis Blues,Chicago Blackhawks,1,1,0.4063401863647014,0.5936598136352988,0.5777126099706745,1.56,3.65
2020-02-25,Nashville Predators,Ottawa Senators,1,1,0.3945003132462951,0.6054996867537051,0.5783308931185944,1.24,6.0
2020-02-25,Minnesota Wild,Columbus Blue Jackets,1,1,0.4542935020955462,0.5457064979044535,0.5789473684210527,1.77,3.1
2020-02-25,Arizona Coyotes,Florida Panthers,0,1,0.4901548841593792,0.5098451158406209,0.5781021897810219,1.98,2.8
2020-02-25,Anaheim Ducks,Edmonton Oilers,1,0,0.5249373236077346,0.4750626763922652,0.577259475218659,3.0,1.82
2020-02-26,Colorado Avalanche,Buffalo Sabres,1,1,0.369855341829061,0.6301446581709386,0.5778748180494906,1.58,3.65
2020-02-26,Vegas Golden Knights,Edmonton Oilers,1,1,0.403008297316646,0.5969917026833541,0.5784883720930233,1.52,3.9
2020-02-26,Los Angeles Kings,Pittsburgh Penguins,1,0,0.5194158280259735,0.4805841719740261,0.5776487663280117,3.75,1.58
2020-02-27,Montreal Canadiens,New York Rangers,0,1,0.3828358080045684,0.6171641919954316,0.5768115942028985,2.0,2.62
2020-02-27,Tampa Bay Lightning,Chicago Blackhawks,0,1,0.3209617648798644,0.6790382351201357,0.5759768451519537,1.5,3.9
2020-02-27,Florida Panthers,Toronto Maple Leafs,0,1,0.4956186746003307,0.5043813253996694,0.5751445086705202,2.32,2.17
2020-02-27,Boston Bruins,Dallas Stars,1,1,0.4086627433746598,0.5913372566253402,0.5757575757575758,1.74,3.45
2020-02-27,Ottawa Senators,Vancouver Canucks,1,0,0.5283405230232116,0.4716594769767881,0.5749279538904899,3.14,1.76
2020-02-27,Detroit Red Wings,Minnesota Wild,0,0,0.5950403574451275,0.4049596425548719,0.5755395683453237,4.36,1.47
2020-02-27,St Louis Blues,New York Islanders,1,1,0.413598264724754,0.586401735275246,0.5761494252873564,1.8,3.25
2020-02-27,Nashville Predators,Calgary Flames,1,1,0.4277707251312315,0.5722292748687682,0.5767575322812052,2.11,2.55
2020-02-27,Winnipeg Jets,Washington Capitals,1,0,0.5562688892804813,0.4437311107195183,0.5759312320916905,2.77,1.91
2020-02-27,San Jose Sharks,New Jersey Devils,1,1,0.4345097041823241,0.5654902958176756,0.5765379113018598,1.91,2.96
2020-02-28,Philadelphia Flyers,New York Rangers,1,1,0.371702240623549,0.6282977593764508,0.5771428571428572,1.72,3.2
2020-02-28,Columbus Blue Jackets,Minnesota Wild,0,1,0.4471601607448685,0.5528398392551316,0.5763195435092725,2.05,2.61
2020-02-28,Carolina Hurricanes,Colorado Avalanche,0,1,0.4548065514587967,0.545193448541203,0.5754985754985755,2.27,2.3
2020-02-28,Vegas Golden Knights,Buffalo Sabres,1,1,0.3979480257983534,0.6020519742016467,0.5761024182076814,1.46,4.3
2020-02-28,Anaheim Ducks,Pittsburgh Penguins,1,0,0.5805609198501279,0.4194390801498717,0.5752840909090909,3.62,1.6
2020-02-29,New York Islanders,Boston Bruins,0,0,0.5342583936577631,0.4657416063422371,0.5758865248226951,2.85,1.93
2020-02-29,Tampa Bay Lightning,Calgary Flames,1,1,0.3751583090563922,0.624841690943608,0.5764872521246459,1.75,3.2
2020-02-29,Los Angeles Kings,New Jersey Devils,1,1,0.4356134998246261,0.5643865001753738,0.5770862800565771,2.05,2.65
2020-02-29,Florida Panthers,Chicago Blackhawks,0,1,0.4153372463489607,0.5846627536510391,0.576271186440678,1.82,2.9
2020-02-29,Toronto Maple Leafs,Vancouver Canucks,1,1,0.4135227595247395,0.5864772404752602,0.5768688293370945,1.68,3.35
2020-02-29,Montreal Canadiens,Carolina Hurricanes,1,0,0.5045069518257901,0.4954930481742099,0.576056338028169,2.15,2.44
2020-02-29,Ottawa Senators,Detroit Red Wings,1,1,0.3313085830823336,0.6686914169176663,0.5766526019690577,1.71,3.4
2020-02-29,Nashville Predators,Colorado Avalanche,0,1,0.4993973218746496,0.5006026781253504,0.5758426966292135,2.12,2.71
2020-02-29,St Louis Blues,Dallas Stars,1,1,0.418215069769964,0.581784930230036,0.576437587657784,1.97,2.82
2020-02-29,Arizona Coyotes,Buffalo Sabres,1,1,0.4526503651463351,0.5473496348536648,0.5770308123249299,1.61,3.62
2020-02-29,Edmonton Oilers,Winnipeg Jets,1,1,0.4512689162443861,0.548731083755614,0.5776223776223777,1.8,3.38
2020-02-29,San Jose Sharks,Pittsburgh Penguins,1,0,0.57392780768844,0.4260721923115599,0.5768156424581006,3.4,1.73
2020-03-01,New York Rangers,Philadelphia Flyers,0,0,0.5065338261325574,0.4934661738674425,0.5774058577405857,2.5,2.1
2020-03-01,Florida Panthers,Calgary Flames,0,1,0.4501981572132322,0.5498018427867676,0.5766016713091922,2.19,2.34
2020-03-01,Columbus Blue Jackets,Vancouver Canucks,1,1,0.4333601491585421,0.566639850841458,0.5771905424200278,1.95,2.79
2020-03-01,Minnesota Wild,Washington Capitals,0,1,0.493767220329793,0.506232779670207,0.5763888888888888,2.65,2.03
2020-03-01,Anaheim Ducks,New Jersey Devils,0,1,0.4414454206806723,0.5585545793193272,0.5755894590846047,1.78,3.22
2020-03-01,Vegas Golden Knights,Los Angeles Kings,0,1,0.3500666585524359,0.6499333414475642,0.574792243767313,1.33,4.75
2020-03-02,Detroit Red Wings,Colorado Avalanche,0,0,0.5366607178781684,0.4633392821218313,0.5753803596127247,4.8,1.37
2020-03-02,Nashville Predators,Edmonton Oilers,0,1,0.4425890848757267,0.5574109151242732,0.574585635359116,1.9,2.82
2020-03-03,New York Islanders,Montreal Canadiens,0,1,0.4803070100327271,0.5196929899672731,0.5737931034482758,1.92,2.76
2020-03-03,New York Rangers,St Louis Blues,0,0,0.5037965893028237,0.4962034106971764,0.5743801652892562,2.84,1.95
2020-03-03,Pittsburgh Penguins,Ottawa Senators,1,1,0.2990617099671132,0.7009382900328871,0.5749656121045392,1.34,4.71
2020-03-03,Tampa Bay Lightning,Boston Bruins,0,1,0.4491514173788538,0.5508485826211461,0.5741758241758241,2.15,2.5
2020-03-03,Minnesota Wild,Nashville Predators,1,1,0.446778117531828,0.5532218824681717,0.5747599451303155,1.95,2.7
2020-03-03,Winnipeg Jets,Buffalo Sabres,1,1,0.4370740019947184,0.5629259980052814,0.5753424657534246,1.75,3.12
2020-03-03,Chicago Blackhawks,Anaheim Ducks,1,1,0.4414289941320991,0.5585710058679005,0.5759233926128591,1.68,3.4
2020-03-03,Dallas Stars,Edmonton Oilers,0,1,0.4232320279346975,0.5767679720653025,0.575136612021858,1.8,3.22
2020-03-03,Vegas Golden Knights,New Jersey Devils,1,1,0.3918931961050369,0.6081068038949632,0.5757162346521146,1.36,4.61
2020-03-03,San Jose Sharks,Toronto Maple Leafs,1,0,0.5567616129541355,0.4432383870458643,0.5749318801089919,3.12,1.75
2020-03-04,Washington Capitals,Philadelphia Flyers,0,1,0.4449291811753702,0.5550708188246296,0.5741496598639456,1.85,2.85
2020-03-04,Calgary Flames,Columbus Blue Jackets,1,1,0.464969823138722,0.5350301768612779,0.5747282608695652,1.76,3.25
2020-03-04,Colorado Avalanche,Anaheim Ducks,0,1,0.2969017683116331,0.7030982316883668,0.5739484396200815,1.37,4.61
2020-03-04,Vancouver Canucks,Arizona Coyotes,0,1,0.4339079603689068,0.5660920396310929,0.573170731707317,2.15,2.47
2020-03-05,Buffalo Sabres,Pittsburgh Penguins,0,0,0.5479306468564181,0.4520693531435818,0.5737483085250338,3.3,1.71
2020-03-05,Tampa Bay Lightning,Montreal Canadiens,1,1,0.4346332531891519,0.5653667468108482,0.5743243243243243,1.57,3.74
2020-03-05,Florida Panthers,Boston Bruins,0,0,0.5437791612796107,0.4562208387203892,0.5748987854251012,2.96,1.85
2020-03-05,New York Rangers,Washington Capitals,1,0,0.5233049154590099,0.47669508454099,0.5741239892183289,2.55,2.03
2020-03-05,Philadelphia Flyers,Carolina Hurricanes,1,1,0.4712363176431814,0.5287636823568186,0.5746971736204576,1.97,2.65
2020-03-05,Ottawa Senators,New York Islanders,1,1,0.4866590880044277,0.5133409119955723,0.5752688172043011,3.12,1.76
2020-03-05,Nashville Predators,Dallas Stars,1,1,0.4584707077906019,0.5415292922093976,0.5758389261744966,2.25,2.4
2020-03-05,Chicago Blackhawks,Edmonton Oilers,1,0,0.5033608863912505,0.4966391136087494,0.5750670241286864,2.21,2.5
2020-03-05,Los Angeles Kings,Toronto Maple Leafs,1,0,0.5179493801164458,0.4820506198835541,0.5742971887550201,3.22,1.73
2020-03-05,San Jose Sharks,Minnesota Wild,0,0,0.5176721807042927,0.4823278192957075,0.5748663101604278,2.65,1.99
2020-03-06,New Jersey Devils,St Louis Blues,1,0,0.5500187190130192,0.4499812809869808,0.5740987983978638,4.0,1.54
2020-03-06,Detroit Red Wings,Chicago Blackhawks,1,0,0.5601260927999042,0.4398739072000955,0.5733333333333334,3.5,1.62
2020-03-06,Winnipeg Jets,Vegas Golden Knights,1,0,0.518669126311857,0.481330873688143,0.5725699067909454,2.68,2.08
2020-03-06,Calgary Flames,Arizona Coyotes,1,1,0.4350783887282011,0.5649216112717989,0.5731382978723404,1.86,2.9
2020-03-06,Vancouver Canucks,Colorado Avalanche,1,0,0.5336776495070631,0.4663223504929371,0.5723771580345286,2.6,2.09
2020-03-06,Anaheim Ducks,Toronto Maple Leafs,1,0,0.551485466023206,0.4485145339767937,0.5716180371352785,3.25,1.69
2020-03-07,New York Islanders,Carolina Hurricanes,0,0,0.5089530655675014,0.4910469344324986,0.5721854304635762,2.03,2.65
2020-03-07,Pittsburgh Penguins,Washington Capitals,0,1,0.4386943335383987,0.5613056664616014,0.5714285714285714,2.0,2.66
2020-03-07,Dallas Stars,Nashville Predators,0,1,0.4634764076808713,0.5365235923191286,0.570673712021136,1.87,3.15
2020-03-07,Los Angeles Kings,Minnesota Wild,1,0,0.5007928530605426,0.4992071469394575,0.5699208443271768,3.16,1.9
2020-03-07,Boston Bruins,Tampa Bay Lightning,0,1,0.4531631853342057,0.546836814665794,0.5691699604743083,1.93,2.88
2020-03-07,Florida Panthers,Montreal Canadiens,1,1,0.4905315712104018,0.5094684287895983,0.5697368421052632,1.8,2.94
2020-03-07,New York Rangers,New Jersey Devils,0,1,0.4601061322581281,0.539893867741872,0.568988173455979,1.61,3.52
2020-03-07,Philadelphia Flyers,Buffalo Sabres,1,1,0.3832192962437339,0.6167807037562663,0.5695538057742782,1.5,4.05
2020-03-07,San Jose Sharks,Ottawa Senators,0,1,0.4212047237440676,0.5787952762559321,0.5688073394495413,1.75,3.15
2020-03-07,Edmonton Oilers,Columbus Blue Jackets,1,1,0.4803903370637331,0.519609662936267,0.569371727748691,1.8,3.18
2020-03-08,Pittsburgh Penguins,Carolina Hurricanes,0,1,0.4553853383175369,0.544614661682463,0.5686274509803921,1.75,3.2
2020-03-08,Detroit Red Wings,Tampa Bay Lightning,1,0,0.5360323242672735,0.4639676757327261,0.5678851174934726,4.55,1.45
2020-03-08,Calgary Flames,Vegas Golden Knights,0,0,0.5101341405087307,0.4898658594912694,0.5684485006518905,2.4,2.23
2020-03-08,Chicago Blackhawks,St Louis Blues,0,0,0.5153660864992429,0.4846339135007572,0.5690104166666666,2.7,1.99
2020-03-08,Anaheim Ducks,Minnesota Wild,0,0,0.5462503420667025,0.4537496579332973,0.5695708712613784,2.85,1.95
2020-03-08,Vancouver Canucks,Columbus Blue Jackets,0,1,0.4726502848900623,0.5273497151099374,0.5688311688311688,1.82,2.95
2020-03-08,San Jose Sharks,Colorado Avalanche,0,0,0.5664818944255317,0.4335181055744678,0.569390402075227,3.05,1.83
2020-03-09,Buffalo Sabres,Washington Capitals,1,0,0.5483374397912374,0.4516625602087621,0.5686528497409327,2.95,1.8
2020-03-09,Winnipeg Jets,Arizona Coyotes,1,1,0.4514431899076249,0.5485568100923748,0.5692108667529108,2.0,2.8
2020-03-09,St Louis Blues,Florida Panthers,0,1,0.4178457826005622,0.5821542173994377,0.5684754521963824,1.82,2.97
2020-03-09,Edmonton Oilers,Vegas Golden Knights,0,1,0.4973734178663934,0.5026265821336067,0.567741935483871,2.19,2.38
2020-03-09,Los Angeles Kings,Colorado Avalanche,1,0,0.5297447255701409,0.470255274429859,0.5670103092783505,2.88,1.9
2020-03-10,Toronto Maple Leafs,Tampa Bay Lightning,1,1,0.4862456695662153,0.5137543304337847,0.5675675675675675,2.3,2.3
2020-03-10,Montreal Canadiens,Nashville Predators,0,1,0.4433133946238294,0.5566866053761707,0.5668380462724936,2.4,2.26
2020-03-10,New Jersey Devils,Pittsburgh Penguins,0,0,0.5752992091376191,0.4247007908623806,0.5673940949935815,3.54,1.67
2020-03-10,Philadelphia Flyers,Boston Bruins,0,1,0.456350376023067,0.5436496239769326,0.5666666666666667,2.44,2.18
2020-03-10,Detroit Red Wings,Carolina Hurricanes,0,0,0.5726001554467137,0.4273998445532858,0.5672215108834827,4.6,1.4
2020-03-10,Dallas Stars,New York Rangers,0,1,0.4095026702011661,0.5904973297988341,0.5664961636828645,1.71,3.3
2020-03-10,Vancouver Canucks,New York Islanders,1,1,0.4478000614917498,0.55219993850825,0.5670498084291188,2.08,1.98
2020-03-10,Anaheim Ducks,Ottawa Senators,1,1,0.4426104573244008,0.5573895426755989,0.5676020408163265,2.0,2.7
2020-03-11,Chicago Blackhawks,San Jose Sharks,1,1,0.4484555632240816,0.5515444367759184,0.5681528662420382,1.78,3.05
2020-03-11,Edmonton Oilers,Winnipeg Jets,0,1,0.4629570991549321,0.5370429008450679,0.5674300254452926,1.93,2.75
2020-03-11,Anaheim Ducks,St Louis Blues,0,0,0.5381963149842164,0.4618036850157833,0.567979669631512,3.4,1.66
2020-03-11,Colorado Avalanche,New York Rangers,1,1,0.3830182994262703,0.6169817005737295,0.5685279187817259,1.92,2.75
2020-03-11,Los Angeles Kings,Ottawa Senators,1,1,0.4135633327248047,0.5864366672751948,0.5690747782002535,1.85,3.08
