game_date,home_team,away_team,winner,predicted_winner,confidence_0,confidence_1
2019-11-15,Toronto Maple Leafs,Boston Bruins,0,0,0.5073501150770435,0.49264988492295636
2019-11-15,New Jersey Devils,Pittsburgh Penguins,1,0,0.5058744935337939,0.49412550646620607
2019-11-15,Washington Capitals,Montreal Canadiens,0,1,0.42029156383184063,0.5797084361681593
2019-11-15,Columbus Blue Jackets,St Louis Blues,1,1,0.4916982645332149,0.5083017354667851
2019-11-15,Ottawa Senators,Philadelphia Flyers,1,0,0.5290561957382712,0.4709438042617284
2019-11-16,Minnesota Wild,Carolina Hurricanes,0,0,0.5437855444979209,0.45621445550207895
2019-11-16,Tampa Bay Lightning,Winnipeg Jets,0,1,0.4711989567368723,0.5288010432631279
2019-11-16,Edmonton Oilers,Dallas Stars,0,1,0.4646051119507016,0.5353948880492985
2019-11-16,Arizona Coyotes,Calgary Flames,1,1,0.44759154968226766,0.5524084503177322
2019-11-16,Los Angeles Kings,Vegas Golden Knights,1,1,0.481859146515603,0.5181408534843971
2019-11-16,Boston Bruins,Washington Capitals,0,1,0.4296118632791971,0.5703881367208028
2019-11-16,Buffalo Sabres,Ottawa Senators,1,1,0.40169420185332555,0.5983057981466744
2019-11-16,Montreal Canadiens,New Jersey Devils,0,1,0.2866082571621912,0.713391742837809
2019-11-16,Florida Panthers,New York Rangers,1,1,0.333625967258169,0.6663740327418315
2019-11-16,Philadelphia Flyers,New York Islanders,0,1,0.43072968314951954,0.5692703168504807
2019-11-16,Pittsburgh Penguins,Toronto Maple Leafs,1,1,0.4248342816129801,0.5751657183870201
2019-11-16,St Louis Blues,Anaheim Ducks,0,1,0.39600476917445926,0.603995230825541
2019-11-16,Nashville Predators,Chicago Blackhawks,0,1,0.3815229093591274,0.6184770906408731
2019-11-16,Vancouver Canucks,Colorado Avalanche,0,1,0.4682991207295512,0.5317008792704491
2019-11-16,San Jose Sharks,Detroit Red Wings,1,1,0.39607727904676926,0.6039227209532309
2019-11-17,Chicago Blackhawks,Buffalo Sabres,1,0,0.5195599750973438,0.4804400249026563
2019-11-17,Vegas Golden Knights,Calgary Flames,1,1,0.43772916439760107,0.562270835602399
2019-11-18,Washington Capitals,Anaheim Ducks,1,1,0.3297250163357319,0.6702749836642684
2019-11-18,Arizona Coyotes,Los Angeles Kings,1,1,0.4648682132186285,0.5351317867813714
2019-11-19,Buffalo Sabres,Minnesota Wild,0,1,0.4350112546514564,0.5649887453485435
2019-11-19,Florida Panthers,Philadelphia Flyers,1,1,0.4745548189753645,0.5254451810246354
2019-11-19,New Jersey Devils,Boston Bruins,0,0,0.5089186736996353,0.4910813263003647
2019-11-19,Pittsburgh Penguins,New York Islanders,0,1,0.4157869609833401,0.5842130390166601
2019-11-19,Columbus Blue Jackets,Montreal Canadiens,1,0,0.5298248278214013,0.4701751721785986
2019-11-19,Detroit Red Wings,Ottawa Senators,0,1,0.47435099700023864,0.5256490029997614
2019-11-19,St Louis Blues,Tampa Bay Lightning,1,1,0.4909068691527853,0.5090931308472146
2019-11-19,Nashville Predators,Winnipeg Jets,0,1,0.42533922773145433,0.5746607722685456
2019-11-19,Chicago Blackhawks,Carolina Hurricanes,0,0,0.554513092733503,0.44548690726649676
2019-11-19,Dallas Stars,Vancouver Canucks,1,1,0.47740927026804003,0.5225907297319599
2019-11-19,Calgary Flames,Colorado Avalanche,0,0,0.524841850148101,0.4751581498518986
2019-11-19,Vegas Golden Knights,Toronto Maple Leafs,1,1,0.4230865716355769,0.5769134283644235
2019-11-19,San Jose Sharks,Edmonton Oilers,0,1,0.4832631624923021,0.5167368375076979
2019-11-20,Montreal Canadiens,Ottawa Senators,0,1,0.37589457540339466,0.6241054245966057
2019-11-20,New York Rangers,Washington Capitals,1,0,0.5793875778278123,0.4206124221721877
2019-11-21,Boston Bruins,Buffalo Sabres,1,1,0.32587610583908333,0.6741238941609162
2019-11-21,Florida Panthers,Anaheim Ducks,1,1,0.40705923441956493,0.5929407655804347
2019-11-21,New York Islanders,Pittsburgh Penguins,1,1,0.48781867822019503,0.512181321779805
2019-11-21,Carolina Hurricanes,Philadelphia Flyers,0,1,0.44058884181386887,0.5594111581861309
2019-11-21,Columbus Blue Jackets,Detroit Red Wings,1,1,0.41096531616643694,0.5890346838335629
2019-11-21,St Louis Blues,Calgary Flames,1,1,0.44839142680884564,0.5516085731911544
2019-11-21,Nashville Predators,Vancouver Canucks,0,1,0.4381996500637427,0.5618003499362575
2019-11-21,Minnesota Wild,Colorado Avalanche,1,1,0.4746004363441474,0.5253995636558527
2019-11-21,Chicago Blackhawks,Tampa Bay Lightning,0,0,0.5365516942766221,0.463448305723378
2019-11-21,Dallas Stars,Winnipeg Jets,1,1,0.43141968701242184,0.5685803129875785
2019-11-21,Arizona Coyotes,Toronto Maple Leafs,0,1,0.4604882315080144,0.5395117684919858
2019-11-21,Vegas Golden Knights,San Jose Sharks,0,1,0.38744749400872414,0.612552505991276
2019-11-21,Los Angeles Kings,Edmonton Oilers,1,1,0.43452743412800543,0.5654725658719943
2019-11-22,Pittsburgh Penguins,New Jersey Devils,1,1,0.349348937917591,0.6506510620824093
2019-11-22,Ottawa Senators,New York Rangers,1,1,0.4234161158318858,0.5765838841681143
2019-11-23,Washington Capitals,Vancouver Canucks,0,1,0.42446992679433687,0.5755300732056632
2019-11-23,Philadelphia Flyers,Calgary Flames,0,1,0.3937197284932209,0.6062802715067793
2019-11-23,Los Angeles Kings,Arizona Coyotes,0,1,0.45161848852213415,0.5483815114778657
2019-11-23,Boston Bruins,Minnesota Wild,1,1,0.3426382847825232,0.6573617152174773
2019-11-23,Montreal Canadiens,New York Rangers,0,1,0.325411569732071,0.6745884302679289
2019-11-23,Tampa Bay Lightning,Anaheim Ducks,1,1,0.40557698894959054,0.5944230110504092
2019-11-23,New Jersey Devils,Detroit Red Wings,1,1,0.4312397175159696,0.5687602824840302
2019-11-23,Carolina Hurricanes,Florida Panthers,1,1,0.4038187964976032,0.5961812035023968
2019-11-23,Winnipeg Jets,Columbus Blue Jackets,1,1,0.4258049861246089,0.5741950138753908
2019-11-23,Colorado Avalanche,Toronto Maple Leafs,0,1,0.46408863418135604,0.5359113658186441
2019-11-23,St Louis Blues,Nashville Predators,0,0,0.5069243135942395,0.4930756864057605
2019-11-23,Dallas Stars,Chicago Blackhawks,1,1,0.41624765402666686,0.583752345973333
2019-11-23,Vegas Golden Knights,Edmonton Oilers,0,1,0.4482750424771406,0.5517249575228592
2019-11-23,San Jose Sharks,New York Islanders,1,1,0.49268223973412456,0.5073177602658755
2019-11-24,Florida Panthers,Buffalo Sabres,0,1,0.4245473270992859,0.5754526729007141
2019-11-24,Detroit Red Wings,Carolina Hurricanes,0,0,0.587178010954118,0.41282198904588135
2019-11-24,Arizona Coyotes,Edmonton Oilers,0,1,0.483088846769745,0.516911153230255
2019-11-25,Tampa Bay Lightning,Buffalo Sabres,1,1,0.4357382149096519,0.5642617850903482
2019-11-25,New York Rangers,Minnesota Wild,1,0,0.5282587153246707,0.4717412846753293
2019-11-25,Philadelphia Flyers,Vancouver Canucks,1,1,0.4383933238455128,0.5616066761544872
2019-11-25,Pittsburgh Penguins,Calgary Flames,1,1,0.37106118439640423,0.6289388156035957
2019-11-25,Columbus Blue Jackets,Ottawa Senators,1,1,0.4408439247552031,0.5591560752447972
2019-11-25,Nashville Predators,St Louis Blues,1,1,0.4146684262958384,0.5853315737041613
2019-11-25,Dallas Stars,Vegas Golden Knights,1,1,0.46036319453940805,0.5396368054605921
2019-11-25,Anaheim Ducks,New York Islanders,1,0,0.5250129601702921,0.47498703982970786
2019-11-25,Los Angeles Kings,San Jose Sharks,0,1,0.43465302546074586,0.5653469745392542
2019-11-26,Montreal Canadiens,Boston Bruins,0,1,0.4793428365046305,0.5206571634953695
2019-11-26,New Jersey Devils,Minnesota Wild,0,1,0.47237278883328243,0.5276272111667173
2019-11-26,Chicago Blackhawks,Dallas Stars,1,0,0.5630930291834454,0.436906970816554
2019-11-27,Buffalo Sabres,Calgary Flames,0,1,0.4591360032487419,0.5408639967512582
2019-11-27,Ottawa Senators,Boston Bruins,0,0,0.5654217354265787,0.4345782645734212
2019-11-27,Detroit Red Wings,Toronto Maple Leafs,0,0,0.582412595249626,0.4175874047503737
2019-11-27,Tampa Bay Lightning,St Louis Blues,0,1,0.4288066095816952,0.5711933904183046
2019-11-27,New York Rangers,Carolina Hurricanes,1,0,0.5521435680551436,0.4478564319448562
2019-11-27,Pittsburgh Penguins,Vancouver Canucks,1,1,0.4214870817624692,0.5785129182375308
2019-11-27,Washington Capitals,Florida Panthers,1,1,0.4275637583759809,0.5724362416240187
2019-11-27,Columbus Blue Jackets,Philadelphia Flyers,0,1,0.4953733618398436,0.5046266381601563
2019-11-27,Nashville Predators,Vegas Golden Knights,0,1,0.4073707554746269,0.5926292445253729
2019-11-27,Arizona Coyotes,Anaheim Ducks,1,1,0.42858757066248226,0.5714124293375176
2019-11-27,Colorado Avalanche,Edmonton Oilers,1,1,0.440621340764219,0.5593786592357809
2019-11-27,Los Angeles Kings,New York Islanders,1,1,0.4234110487062813,0.5765889512937185
2019-11-27,San Jose Sharks,Winnipeg Jets,0,1,0.4738353029031547,0.5261646970968452
2019-11-28,Montreal Canadiens,New Jersey Devils,0,1,0.39123392377651856,0.6087660762234813
2019-11-29,Boston Bruins,New York Rangers,1,1,0.3060582940994176,0.6939417059005827
2019-11-29,Buffalo Sabres,Toronto Maple Leafs,1,1,0.4964583026769704,0.5035416973230296
2019-11-29,Philadelphia Flyers,Detroit Red Wings,1,1,0.2469956133131765,0.7530043866868235
2019-11-29,Chicago Blackhawks,Colorado Avalanche,0,0,0.5652864775059515,0.43471352249404804
2019-11-29,Minnesota Wild,Ottawa Senators,1,1,0.41845727301170027,0.5815427269882997
2019-11-29,Anaheim Ducks,Winnipeg Jets,0,1,0.49460777702840847,0.5053922229715915
2019-11-29,San Jose Sharks,Los Angeles Kings,1,0,0.5035785432289248,0.49642145677107513
2019-11-29,Washington Capitals,Tampa Bay Lightning,1,1,0.409203520978243,0.5907964790217569
2019-11-29,Vegas Golden Knights,Arizona Coyotes,1,1,0.4614018183002454,0.5385981816997546
2019-11-29,Columbus Blue Jackets,Pittsburgh Penguins,1,0,0.5537646778256109,0.4462353221743887
2019-11-29,Carolina Hurricanes,Nashville Predators,0,1,0.4157729274582499,0.5842270725417495
2019-11-29,Dallas Stars,St Louis Blues,0,1,0.4494168030108555,0.5505831969891449
2019-11-30,New Jersey Devils,New York Rangers,0,1,0.449974498692286,0.5500255013077139
2019-11-30,Montreal Canadiens,Philadelphia Flyers,0,1,0.47016931053830124,0.5298306894616986
2019-11-30,Toronto Maple Leafs,Buffalo Sabres,1,1,0.42852344093305944,0.5714765590669405
2019-11-30,Detroit Red Wings,Washington Capitals,0,0,0.5508145360758848,0.449185463924115
2019-11-30,Tampa Bay Lightning,Carolina Hurricanes,0,0,0.5127686014748593,0.4872313985251409
2019-11-30,Florida Panthers,Nashville Predators,1,0,0.5031901145457914,0.49680988545420846
2019-11-30,New York Islanders,Columbus Blue Jackets,1,1,0.43122545197580947,0.5687745480241906
2019-11-30,Calgary Flames,Ottawa Senators,1,1,0.43096307603913225,0.5690369239608675
2019-11-30,St Louis Blues,Pittsburgh Penguins,1,0,0.5203931658028368,0.47960683419716327
2019-11-30,Arizona Coyotes,San Jose Sharks,0,1,0.45764292555705993,0.5423570744429402
2019-11-30,Colorado Avalanche,Chicago Blackhawks,1,1,0.3665253291967753,0.6334746708032248
2019-11-30,Edmonton Oilers,Vancouver Canucks,0,1,0.4675850578469165,0.5324149421530834
2019-11-30,Los Angeles Kings,Winnipeg Jets,1,1,0.4805944435873225,0.5194055564126777
2019-12-01,Minnesota Wild,Dallas Stars,1,1,0.46782474809477337,0.5321752519052264
2019-12-01,Boston Bruins,Montreal Canadiens,1,1,0.43732063415651373,0.5626793658434861
2019-12-01,Vancouver Canucks,Edmonton Oilers,0,1,0.4437218892746652,0.5562781107253347
2019-12-02,Buffalo Sabres,New Jersey Devils,1,1,0.41395933437826865,0.5860406656217311
2019-12-02,New York Rangers,Vegas Golden Knights,0,0,0.5077470240382034,0.49225297596179646
2019-12-02,Detroit Red Wings,New York Islanders,0,1,0.4969394355680431,0.503060564431957
2019-12-02,Chicago Blackhawks,St Louis Blues,0,0,0.5313176832530053,0.46868231674699473
2019-12-02,Anaheim Ducks,Los Angeles Kings,1,1,0.47930028121075313,0.5206997187892468
2019-12-03,Boston Bruins,Carolina Hurricanes,1,1,0.47577184919624466,0.5242281508037554
2019-12-03,Montreal Canadiens,New York Islanders,1,1,0.4240821468947121,0.5759178531052878
2019-12-03,Florida Panthers,Minnesota Wild,0,1,0.4198615484750565,0.5801384515249433
2019-12-03,New Jersey Devils,Vegas Golden Knights,0,0,0.5149511907592188,0.48504880924078114
2019-12-03,Philadelphia Flyers,Toronto Maple Leafs,1,1,0.42477482127582633,0.5752251787241734
2019-12-03,Columbus Blue Jackets,Arizona Coyotes,0,1,0.4592149865167458,0.5407850134832543
2019-12-03,Nashville Predators,Tampa Bay Lightning,0,1,0.41675961807217604,0.5832403819278238
2019-12-03,Winnipeg Jets,Dallas Stars,1,1,0.47037665874389395,0.529623341256106
2019-12-03,Vancouver Canucks,Ottawa Senators,1,1,0.39077583436705154,0.6092241656329486
2019-12-03,San Jose Sharks,Washington Capitals,0,0,0.5637591759724357,0.4362408240275639
2019-12-04,Toronto Maple Leafs,Colorado Avalanche,0,1,0.4960756210123928,0.5039243789876072
2019-12-04,Pittsburgh Penguins,St Louis Blues,1,1,0.44380251878535865,0.5561974812146415
2019-12-04,Edmonton Oilers,Ottawa Senators,0,1,0.400796961320103,0.5992030386798968
2019-12-04,Los Angeles Kings,Washington Capitals,0,1,0.4936952015331604,0.5063047984668397
2019-12-05,Boston Bruins,Chicago Blackhawks,0,1,0.2923092452957261,0.707690754704274
2019-12-05,Montreal Canadiens,Colorado Avalanche,0,1,0.4953296406494078,0.5046703593505922
2019-12-05,Tampa Bay Lightning,Minnesota Wild,0,1,0.4103315660351271,0.5896684339648726
2019-12-05,New York Islanders,Vegas Golden Knights,1,1,0.4638600570032722,0.5361399429967277
2019-12-05,Philadelphia Flyers,Arizona Coyotes,0,1,0.41540715084607177,0.5845928491539281
2019-12-05,Carolina Hurricanes,San Jose Sharks,1,1,0.3706685535976592,0.6293314464023414
2019-12-05,Columbus Blue Jackets,New York Rangers,0,1,0.4046884003720921,0.5953115996279078
2019-12-05,Dallas Stars,Winnipeg Jets,1,1,0.44504129943884696,0.5549587005611534
2019-12-05,Calgary Flames,Buffalo Sabres,1,1,0.46513992696345974,0.5348600730365403
2019-12-06,New Jersey Devils,Chicago Blackhawks,0,1,0.4491385568091107,0.550861443190889
2019-12-06,New York Rangers,Montreal Canadiens,0,0,0.5159889107603954,0.4840110892396045
2019-12-06,Pittsburgh Penguins,Arizona Coyotes,1,1,0.38484611492177295,0.6151538850782271
2019-12-06,Edmonton Oilers,Los Angeles Kings,1,1,0.44195500062109344,0.5580449993789065
2019-12-06,Anaheim Ducks,Washington Capitals,0,0,0.5739496534235546,0.4260503465764449
2019-12-07,Philadelphia Flyers,Ottawa Senators,1,1,0.34853525554391335,0.6514647444560869
2019-12-07,Vancouver Canucks,Buffalo Sabres,1,1,0.41778545109869086,0.582214548901309
2019-12-07,Boston Bruins,Colorado Avalanche,0,1,0.4013859944668514,0.5986140055331484
2019-12-07,Detroit Red Wings,Pittsburgh Penguins,0,0,0.5435780839383113,0.4564219160616884
2019-12-07,Tampa Bay Lightning,San Jose Sharks,1,1,0.3989665097593012,0.6010334902406991
2019-12-07,Florida Panthers,Columbus Blue Jackets,1,1,0.42106805590169377,0.5789319440983061
2019-12-07,Carolina Hurricanes,Minnesota Wild,1,1,0.3759020588756876,0.6240979411243124
2019-12-07,St Louis Blues,Toronto Maple Leafs,0,1,0.47612427973244437,0.5238757202675555
2019-12-07,Nashville Predators,New Jersey Devils,1,1,0.3725774436918247,0.6274225563081752
2019-12-07,Dallas Stars,New York Islanders,1,1,0.475116023637361,0.5248839763626391
2019-12-07,Calgary Flames,Los Angeles Kings,1,1,0.4713337762303224,0.5286662237696776
2019-12-08,Winnipeg Jets,Anaheim Ducks,1,1,0.41901352653004226,0.5809864734699576
2019-12-08,Florida Panthers,San Jose Sharks,1,1,0.39905396375248414,0.600946036247516
2019-12-08,Chicago Blackhawks,Arizona Coyotes,0,1,0.4934715941495621,0.506528405850438
2019-12-08,Vegas Golden Knights,New York Rangers,0,1,0.3438283953798381,0.656171604620162
2019-12-08,Edmonton Oilers,Buffalo Sabres,0,1,0.4530325927957943,0.5469674072042057
2019-12-09,Tampa Bay Lightning,New York Islanders,0,1,0.4564290667877888,0.5435709332122113
2019-12-09,Washington Capitals,Columbus Blue Jackets,0,1,0.41656235287373466,0.5834376471262654
2019-12-09,Ottawa Senators,Boston Bruins,1,0,0.5621950684255129,0.43780493157448697
2019-12-09,Colorado Avalanche,Calgary Flames,0,1,0.4075175725850217,0.5924824274149783
2019-12-10,Florida Panthers,Tampa Bay Lightning,0,1,0.4400652281326229,0.5599347718673768
2019-12-10,Pittsburgh Penguins,Montreal Canadiens,0,1,0.39369610928919363,0.6063038907108064
2019-12-10,Buffalo Sabres,St Louis Blues,1,1,0.4749663852944595,0.5250336147055404
2019-12-10,Nashville Predators,San Jose Sharks,1,1,0.3799695483881287,0.6200304516118718
2019-12-10,Minnesota Wild,Anaheim Ducks,0,1,0.4267990400371706,0.5732009599628292
2019-12-10,Winnipeg Jets,Detroit Red Wings,1,1,0.30145230566639203,0.6985476943336079
2019-12-10,Dallas Stars,New Jersey Devils,1,1,0.34479329095119426,0.6552067090488061
2019-12-10,Edmonton Oilers,Carolina Hurricanes,0,0,0.5185637054837225,0.4814362945162775
2019-12-10,Arizona Coyotes,Calgary Flames,0,1,0.44140789324369506,0.558592106756305
2019-12-10,Vancouver Canucks,Toronto Maple Leafs,0,1,0.45890192007096603,0.5410980799290338
2019-12-10,Vegas Golden Knights,Chicago Blackhawks,1,1,0.3963043804732166,0.6036956195267834
2019-12-10,Los Angeles Kings,New York Rangers,1,1,0.39907964740891416,0.6009203525910854
2019-12-11,Washington Capitals,Boston Bruins,1,1,0.4344328265081986,0.5655671734918014
2019-12-11,Montreal Canadiens,Ottawa Senators,1,1,0.4068977208309939,0.5931022791690059
2019-12-11,Colorado Avalanche,Philadelphia Flyers,1,1,0.45377802789958605,0.5462219721004139
2019-12-12,Buffalo Sabres,Nashville Predators,1,0,0.5057963780069732,0.49420362199302686
2019-12-12,Tampa Bay Lightning,Boston Bruins,1,1,0.4775044851293053,0.5224955148706947
2019-12-12,Florida Panthers,New York Islanders,0,1,0.43945857089459,0.5605414291054099
2019-12-12,Pittsburgh Penguins,Columbus Blue Jackets,1,1,0.3662598460020692,0.6337401539979309
2019-12-12,Detroit Red Wings,Winnipeg Jets,1,0,0.5110087615354353,0.4889912384645646
2019-12-12,St Louis Blues,Vegas Golden Knights,1,1,0.48390459529229046,0.5160954047077096
2019-12-12,Minnesota Wild,Edmonton Oilers,1,1,0.45176086803502374,0.548239131964976
2019-12-12,Calgary Flames,Toronto Maple Leafs,1,1,0.4779020541112142,0.5220979458887859
2019-12-12,Arizona Coyotes,Chicago Blackhawks,1,1,0.4183923220404874,0.5816076779595128
2019-12-12,Vancouver Canucks,Carolina Hurricanes,1,0,0.5335216459193297,0.4664783540806703
2019-12-12,Anaheim Ducks,Los Angeles Kings,0,1,0.4761072013010794,0.5238927986989206
2019-12-12,San Jose Sharks,New York Rangers,0,1,0.4120030421777615,0.5879969578222382
2019-12-13,Dallas Stars,Vegas Golden Knights,0,1,0.4458752046681054,0.5541247953318945
2019-12-13,Colorado Avalanche,New Jersey Devils,1,1,0.36163465921540605,0.638365340784594
2019-12-14,Ottawa Senators,Columbus Blue Jackets,1,1,0.48514962264470163,0.5148503773552985
2019-12-14,New York Islanders,Buffalo Sabres,1,1,0.4421528684200777,0.5578471315799224
2019-12-14,Calgary Flames,Carolina Hurricanes,0,0,0.5407015568210629,0.45929844317893703
2019-12-14,Anaheim Ducks,New York Rangers,1,1,0.44648587881580315,0.553514121184197
2019-12-14,Nashville Predators,Dallas Stars,0,1,0.448327252467664,0.5516727475323356
2019-12-14,Montreal Canadiens,Detroit Red Wings,0,1,0.2789355875875597,0.7210644124124405
2019-12-14,Tampa Bay Lightning,Washington Capitals,0,0,0.5003299929015464,0.4996700070984535
2019-12-14,Florida Panthers,Boston Bruins,0,1,0.47588555466224736,0.5241144453377524
2019-12-14,Pittsburgh Penguins,Los Angeles Kings,1,1,0.3593558133565082,0.6406441866434918
2019-12-14,Minnesota Wild,Philadelphia Flyers,1,1,0.48295365107333926,0.5170463489266606
2019-12-14,Edmonton Oilers,Toronto Maple Leafs,0,1,0.47747282966253013,0.5225271703374701
2019-12-14,St Louis Blues,Chicago Blackhawks,1,1,0.34836089888346594,0.6516391011165342
2019-12-14,Arizona Coyotes,New Jersey Devils,0,1,0.42162259675628033,0.5783774032437194
2019-12-14,San Jose Sharks,Vancouver Canucks,1,0,0.5246626234200613,0.4753373765799387
2019-12-15,Winnipeg Jets,Philadelphia Flyers,1,1,0.4910306097812857,0.5089693902187143
2019-12-15,Detroit Red Wings,Los Angeles Kings,0,0,0.5436030951767588,0.456396904823241
2019-12-15,Chicago Blackhawks,Minnesota Wild,1,0,0.5598933690028373,0.4401066309971624
2019-12-15,Vegas Golden Knights,Vancouver Canucks,1,1,0.4379596244432025,0.5620403755567978
2019-12-16,Florida Panthers,Ottawa Senators,1,1,0.401524410872071,0.5984755891279285
2019-12-16,New York Rangers,Nashville Predators,0,0,0.5143694692339709,0.4856305307660291
2019-12-16,Columbus Blue Jackets,Washington Capitals,1,0,0.5306417458090742,0.46935825419092564
2019-12-16,St Louis Blues,Colorado Avalanche,1,0,0.5164953908887661,0.483504609111234
2019-12-16,Dallas Stars,Edmonton Oilers,0,1,0.3920817386848635,0.6079182613151363
2019-12-17,Boston Bruins,Los Angeles Kings,0,1,0.42896107598997185,0.5710389240100281
2019-12-17,Toronto Maple Leafs,Buffalo Sabres,1,1,0.4295263133723524,0.5704736866276479
2019-12-17,Tampa Bay Lightning,Ottawa Senators,1,1,0.3818654595064009,0.6181345404935993
2019-12-17,New York Islanders,Nashville Predators,0,1,0.4678902601786042,0.532109739821396
2019-12-17,Philadelphia Flyers,Anaheim Ducks,1,1,0.4083009641999986,0.591699035800001
2019-12-17,Detroit Red Wings,Columbus Blue Jackets,0,0,0.5511640194642609,0.44883598053573903
2019-12-17,Winnipeg Jets,Carolina Hurricanes,0,0,0.530515372627648,0.46948462737235186
2019-12-17,Calgary Flames,Pittsburgh Penguins,0,0,0.5511587145225667,0.4488412854774331
2019-12-17,Vancouver Canucks,Montreal Canadiens,0,1,0.49229067678441,0.5077093232155899
2019-12-17,Vegas Golden Knights,Minnesota Wild,1,1,0.4292936655114876,0.5707063344885124
2019-12-17,San Jose Sharks,Arizona Coyotes,0,1,0.49826643510140767,0.5017335648985924
2019-12-18,New Jersey Devils,Anaheim Ducks,1,1,0.4887903180307058,0.5112096819692942
2019-12-18,Chicago Blackhawks,Colorado Avalanche,0,0,0.5792788121163609,0.4207211878836385
2019-12-18,St Louis Blues,Edmonton Oilers,1,1,0.4102789081973563,0.5897210918026434
2019-12-19,Boston Bruins,New York Islanders,0,1,0.4241143195452381,0.575885680454762
2019-12-19,Tampa Bay Lightning,Dallas Stars,0,1,0.44151698258529865,0.5584830174147012
2019-12-19,Philadelphia Flyers,Buffalo Sabres,1,1,0.42232633629209315,0.577673663707907
2019-12-19,Columbus Blue Jackets,Los Angeles Kings,1,1,0.4674968141498698,0.5325031858501302
2019-12-19,Ottawa Senators,Nashville Predators,1,0,0.5424001689430511,0.45759983105694896
2019-12-19,Winnipeg Jets,Chicago Blackhawks,0,1,0.35719969734552603,0.6428003026544739
2019-12-19,Colorado Avalanche,Carolina Hurricanes,0,1,0.49238304299838187,0.5076169570016182
2019-12-19,Calgary Flames,Montreal Canadiens,0,0,0.5049353574565123,0.4950646425434877
2019-12-19,Arizona Coyotes,Minnesota Wild,0,1,0.4526552156956688,0.5473447843043311
2019-12-19,Vancouver Canucks,Vegas Golden Knights,1,1,0.4983143324709017,0.5016856675290984
2019-12-20,Florida Panthers,Dallas Stars,1,1,0.4470880789508287,0.5529119210491712
2019-12-20,New Jersey Devils,Washington Capitals,0,0,0.5700994904182599,0.4299005095817398
2019-12-20,New York Rangers,Toronto Maple Leafs,0,0,0.5070299875648111,0.49297001243518884
2019-12-20,Edmonton Oilers,Pittsburgh Penguins,0,0,0.5270828841735388,0.4729171158264612
2019-12-21,Buffalo Sabres,Los Angeles Kings,1,1,0.47454778696648253,0.5254522130335174
2019-12-21,New York Islanders,Anaheim Ducks,0,1,0.43623989741485447,0.5637601025851453
2019-12-21,Minnesota Wild,Winnipeg Jets,0,1,0.45587168093349567,0.544128319066504
2019-12-21,Boston Bruins,Nashville Predators,0,1,0.4577200745997054,0.5422799254002947
2019-12-21,Toronto Maple Leafs,Detroit Red Wings,1,1,0.26863208012691997,0.73136791987308
2019-12-21,Ottawa Senators,Philadelphia Flyers,0,0,0.5205560366273481,0.47944396337265194
2019-12-21,Washington Capitals,Tampa Bay Lightning,1,1,0.43617818240174844,0.5638218175982517
2019-12-21,Carolina Hurricanes,Florida Panthers,0,1,0.38911716182855444,0.6108828381714454
2019-12-21,Columbus Blue Jackets,New Jersey Devils,1,1,0.3894827421575274,0.6105172578424727
2019-12-21,Edmonton Oilers,Montreal Canadiens,1,0,0.5066977438215217,0.49330225617847834
2019-12-21,Colorado Avalanche,Chicago Blackhawks,0,1,0.30061926018112484,0.6993807398188754
2019-12-21,Vancouver Canucks,Pittsburgh Penguins,1,0,0.5597887083415144,0.44021129165848544
2019-12-21,San Jose Sharks,St Louis Blues,0,0,0.5061469114116741,0.49385308858832583
2019-12-22,New York Rangers,Anaheim Ducks,1,1,0.4971028904416749,0.5028971095583251
2019-12-22,Detroit Red Wings,Arizona Coyotes,0,0,0.5408581483873826,0.4591418516126173
2019-12-22,Dallas Stars,Calgary Flames,0,1,0.40993852474151166,0.5900614752584884
2019-12-22,San Jose Sharks,Vegas Golden Knights,0,0,0.5460996823560825,0.45390031764391736
2019-12-23,Toronto Maple Leafs,Carolina Hurricanes,1,0,0.5147618038329469,0.4852381961670533
2019-12-23,Minnesota Wild,Calgary Flames,1,1,0.44392009449110026,0.5560799055088999
2019-12-23,Boston Bruins,Washington Capitals,1,1,0.49187374558010355,0.5081262544198965
2019-12-23,Tampa Bay Lightning,Florida Panthers,1,1,0.4339666768971963,0.566033323102804
2019-12-23,New York Islanders,Columbus Blue Jackets,0,1,0.46631154087891397,0.5336884591210862
2019-12-23,Philadelphia Flyers,New York Rangers,1,1,0.34202075560516826,0.6579792443948317
2019-12-23,Ottawa Senators,Buffalo Sabres,1,1,0.48125685155196923,0.5187431484480307
2019-12-23,Nashville Predators,Arizona Coyotes,1,1,0.41358927840039494,0.586410721599605
2019-12-23,Winnipeg Jets,Montreal Canadiens,0,1,0.49101637877683507,0.5089836212231649
2019-12-23,Chicago Blackhawks,New Jersey Devils,0,1,0.4472766688511877,0.5527233311488121
2019-12-23,Vancouver Canucks,Edmonton Oilers,1,1,0.43508116886758325,0.5649188311324164
2019-12-23,Vegas Golden Knights,Colorado Avalanche,0,1,0.46918437206418656,0.5308156279358135
2019-12-23,Los Angeles Kings,St Louis Blues,0,1,0.46431950130631994,0.5356804986936801
2019-12-27,Buffalo Sabres,Boston Bruins,0,0,0.5411004246192304,0.4588995753807698
2019-12-27,New Jersey Devils,Toronto Maple Leafs,0,0,0.5653470637415051,0.4346529362584943
2019-12-27,New York Rangers,Carolina Hurricanes,1,0,0.5352841977564035,0.4647158022435964
2019-12-27,Washington Capitals,Columbus Blue Jackets,1,1,0.39459915841223414,0.6054008415877657
2019-12-27,Nashville Predators,Pittsburgh Penguins,0,1,0.4607733459225435,0.5392266540774562
2019-12-27,Winnipeg Jets,St Louis Blues,0,1,0.4830058735526198,0.5169941264473803
2019-12-27,Colorado Avalanche,Minnesota Wild,0,1,0.3990988274245415,0.6009011725754585
2019-12-27,Chicago Blackhawks,New York Islanders,1,0,0.5423462026511091,0.4576537973488906
2019-12-27,Edmonton Oilers,Calgary Flames,0,1,0.45694372539974903,0.5430562746002509
2019-12-27,Anaheim Ducks,Vegas Golden Knights,1,0,0.5210519314180195,0.4789480685819806
2019-12-27,San Jose Sharks,Los Angeles Kings,0,0,0.5031234281401429,0.49687657185985723
2019-12-28,Toronto Maple Leafs,New York Rangers,0,1,0.34598060492109867,0.6540193950789012
2019-12-28,Tampa Bay Lightning,Montreal Canadiens,1,1,0.4551641758833361,0.5448358241166639
2019-12-28,Florida Panthers,Detroit Red Wings,1,1,0.2704403801874134,0.7295596198125867
2019-12-28,Pittsburgh Penguins,Nashville Predators,1,1,0.43754378003247285,0.5624562199675273
2019-12-28,Carolina Hurricanes,Washington Capitals,1,1,0.4742865020280482,0.5257134979719519
2019-12-28,Dallas Stars,Colorado Avalanche,1,1,0.4737525512393555,0.5262474487606446
2019-12-28,Vancouver Canucks,Los Angeles Kings,1,1,0.49077324555399837,0.5092267544460017
2019-12-28,Vegas Golden Knights,Arizona Coyotes,1,1,0.4353772052673035,0.5646227947326966
2019-12-28,San Jose Sharks,Philadelphia Flyers,1,0,0.5528028749505645,0.44719712504943554
2019-12-29,St Louis Blues,Winnipeg Jets,1,1,0.4273875834565714,0.5726124165434289
2019-12-29,Ottawa Senators,New Jersey Devils,0,1,0.4412756786588378,0.558724321341162
2019-12-29,Columbus Blue Jackets,Chicago Blackhawks,0,1,0.3965946396751948,0.6034053603248054
2019-12-29,Minnesota Wild,New York Islanders,0,1,0.44603683390340043,0.5539631660965991
2019-12-29,Boston Bruins,Buffalo Sabres,1,1,0.33152035829238147,0.6684796417076185
2019-12-29,Tampa Bay Lightning,Detroit Red Wings,1,1,0.274683717902039,0.7253162820979611
2019-12-29,Florida Panthers,Montreal Canadiens,1,1,0.4877580519108007,0.5122419480891994
2019-12-29,Arizona Coyotes,Dallas Stars,0,1,0.46795130681104385,0.5320486931889561
2019-12-29,Anaheim Ducks,Philadelphia Flyers,0,0,0.5307796294368589,0.4692203705631412
2019-12-29,Calgary Flames,Vancouver Canucks,0,1,0.4657385874046737,0.5342614125953262
2019-12-30,Pittsburgh Penguins,Ottawa Senators,1,1,0.302644765097326,0.6973552349026743
2019-12-31,New Jersey Devils,Boston Bruins,1,0,0.5368111410103344,0.4631888589896656
2019-12-31,Washington Capitals,New York Islanders,0,1,0.3867920588325444,0.6132079411674557
2019-12-31,Vegas Golden Knights,Anaheim Ducks,1,1,0.400943121434773,0.5990568785652267
2019-12-31,Minnesota Wild,Toronto Maple Leafs,0,1,0.4791554269954034,0.5208445730045963
2019-12-31,Buffalo Sabres,Tampa Bay Lightning,0,0,0.5415134934547273,0.4584865065452726
2019-12-31,Carolina Hurricanes,Montreal Canadiens,1,1,0.4051017216111835,0.5948982783888161
2019-12-31,Columbus Blue Jackets,Florida Panthers,1,1,0.44786260398999517,0.552137396010005
2019-12-31,Detroit Red Wings,San Jose Sharks,1,0,0.548582533081205,0.45141746691879486
2019-12-31,Colorado Avalanche,Winnipeg Jets,0,1,0.4078217086578559,0.5921782913421443
2019-12-31,Calgary Flames,Chicago Blackhawks,0,1,0.42403896836816835,0.5759610316318315
2019-12-31,Edmonton Oilers,New York Rangers,1,1,0.42380240407245423,0.5761975959275459
2019-12-31,Arizona Coyotes,St Louis Blues,1,1,0.49350707703079705,0.5064929229692029
2019-12-31,Los Angeles Kings,Philadelphia Flyers,1,0,0.5014964542033373,0.4985035457966627
2020-01-01,Dallas Stars,Nashville Predators,1,1,0.4910747444911324,0.5089252555088677
2020-01-02,Boston Bruins,Columbus Blue Jackets,0,1,0.41603545276303255,0.5839645472369672
2020-01-02,Buffalo Sabres,Edmonton Oilers,1,1,0.44133487668455845,0.5586651233154414
2020-01-02,Montreal Canadiens,Tampa Bay Lightning,0,1,0.47707148053101023,0.5229285194689897
2020-01-02,New York Islanders,New Jersey Devils,0,1,0.41010564311556663,0.5898943568844331
2020-01-02,Pittsburgh Penguins,San Jose Sharks,0,1,0.29081275134736567,0.7091872486526345
2020-01-02,Ottawa Senators,Florida Panthers,0,0,0.5154759583259074,0.48452404167409263
2020-01-02,Winnipeg Jets,Toronto Maple Leafs,0,0,0.5148899749733796,0.4851100250266204
2020-01-02,Calgary Flames,New York Rangers,1,1,0.42421595147002766,0.5757840485299726
2020-01-02,Arizona Coyotes,Anaheim Ducks,1,1,0.40788234918680316,0.5921176508131968
2020-01-02,Colorado Avalanche,St Louis Blues,1,1,0.43469014807421263,0.5653098519257871
2020-01-02,Vancouver Canucks,Chicago Blackhawks,1,1,0.40471210884851516,0.595287891151485
2020-01-02,Vegas Golden Knights,Philadelphia Flyers,1,1,0.4471240329790889,0.5528759670209111
2020-01-03,Carolina Hurricanes,Washington Capitals,0,1,0.4523836005142345,0.5476163994857656
2020-01-03,Dallas Stars,Detroit Red Wings,1,1,0.30955701782601275,0.690442982173987
2020-01-04,Boston Bruins,Edmonton Oilers,0,1,0.3668712157926402,0.6331287842073597
2020-01-04,Columbus Blue Jackets,San Jose Sharks,0,1,0.405176617779656,0.5948233822203444
2020-01-04,Buffalo Sabres,Florida Panthers,1,1,0.4911124663486146,0.5088875336513853
2020-01-04,Minnesota Wild,Winnipeg Jets,1,1,0.44848114792276234,0.5515188520772375
2020-01-04,Vegas Golden Knights,St Louis Blues,1,1,0.44546845368326665,0.5545315463167335
2020-01-04,Toronto Maple Leafs,New York Islanders,1,1,0.43335161422122453,0.5666483857787751
2020-01-04,Montreal Canadiens,Pittsburgh Penguins,0,0,0.5285326996724201,0.4714673003275798
2020-01-04,Ottawa Senators,Tampa Bay Lightning,0,0,0.5618717453616042,0.4381282546383954
2020-01-04,New Jersey Devils,Colorado Avalanche,0,0,0.5508674426526513,0.4491325573473486
2020-01-04,Arizona Coyotes,Philadelphia Flyers,1,1,0.4907490665516299,0.5092509334483699
2020-01-04,Vancouver Canucks,New York Rangers,1,1,0.38522910516364894,0.614770894836351
2020-01-04,Los Angeles Kings,Nashville Predators,0,1,0.48985640527079855,0.5101435947292016
2020-01-05,Washington Capitals,San Jose Sharks,1,1,0.30635574404524624,0.6936442559547541
2020-01-05,Pittsburgh Penguins,Florida Panthers,0,1,0.39334023094470166,0.6066597690552983
2020-01-05,Carolina Hurricanes,Tampa Bay Lightning,0,1,0.4265463466903602,0.5734536533096396
2020-01-05,Minnesota Wild,Calgary Flames,0,1,0.43646737567314825,0.5635326243268516
2020-01-05,Chicago Blackhawks,Detroit Red Wings,1,1,0.3342190843974968,0.6657809156025032
2020-01-05,Anaheim Ducks,Nashville Predators,1,0,0.5571264699792596,0.4428735300207401
2020-01-06,Toronto Maple Leafs,Edmonton Oilers,0,1,0.4004715837189613,0.599528416281039
2020-01-06,Montreal Canadiens,Winnipeg Jets,0,1,0.44147271646028563,0.5585272835397147
2020-01-06,New York Islanders,Colorado Avalanche,1,0,0.5113412034384963,0.4886587965615036
2020-01-06,Los Angeles Kings,Columbus Blue Jackets,0,1,0.45369477969753164,0.546305220302468
2020-01-07,Tampa Bay Lightning,Vancouver Canucks,1,1,0.408360690081121,0.5916393099188791
2020-01-07,Florida Panthers,Arizona Coyotes,0,1,0.4359127922692548,0.5640872077307453
2020-01-07,New Jersey Devils,New York Islanders,0,1,0.48406730850872187,0.5159326914912782
2020-01-07,Washington Capitals,Ottawa Senators,1,1,0.29869575974353696,0.7013042402564631
2020-01-07,Carolina Hurricanes,Philadelphia Flyers,1,1,0.3967182697500959,0.6032817302499041
2020-01-07,New York Rangers,Colorado Avalanche,1,0,0.5467997517045696,0.45320024829543015
2020-01-07,Detroit Red Wings,Montreal Canadiens,1,0,0.5622210342808187,0.43777896571918096
2020-01-07,St Louis Blues,San Jose Sharks,1,1,0.3911661025932724,0.6088338974067274
2020-01-07,Nashville Predators,Boston Bruins,0,1,0.4655747806073403,0.5344252193926597
2020-01-07,Chicago Blackhawks,Calgary Flames,0,1,0.48000905262086935,0.5199909473791305
2020-01-07,Vegas Golden Knights,Pittsburgh Penguins,0,0,0.5036596375862207,0.4963403624137793
2020-01-07,Anaheim Ducks,Columbus Blue Jackets,0,0,0.5068016904320408,0.4931983095679591
2020-01-08,Toronto Maple Leafs,Winnipeg Jets,0,1,0.410203390446882,0.5897966095531182
2020-01-08,Philadelphia Flyers,Washington Capitals,1,0,0.5194547102582122,0.48054528974178773
2020-01-08,Los Angeles Kings,Dallas Stars,0,1,0.47429353866238705,0.525706461337613
2020-01-09,Boston Bruins,Winnipeg Jets,1,1,0.3708330620357938,0.6291669379642064
2020-01-09,Montreal Canadiens,Edmonton Oilers,0,1,0.4334533889293401,0.56654661107066
2020-01-09,Tampa Bay Lightning,Arizona Coyotes,1,1,0.414485999887144,0.5855140001128561
2020-01-09,Florida Panthers,Vancouver Canucks,1,1,0.42292583365998804,0.5770741663400117
2020-01-09,New York Rangers,New Jersey Devils,1,1,0.469794833024192,0.530205166975808
2020-01-09,St Louis Blues,Buffalo Sabres,1,1,0.4408923880604924,0.5591076119395075
2020-01-09,Chicago Blackhawks,Nashville Predators,0,0,0.5370653720664846,0.46293462793351564
2020-01-09,Calgary Flames,Minnesota Wild,1,1,0.4466788707187612,0.5533211292812387
2020-01-09,Vegas Golden Knights,Los Angeles Kings,0,1,0.40827057684245,0.5917294231575495
2020-01-09,Anaheim Ducks,Dallas Stars,0,0,0.5394552308176949,0.4605447691823049
2020-01-09,San Jose Sharks,Columbus Blue Jackets,1,0,0.5056917644873227,0.4943082355126772
2020-01-10,Detroit Red Wings,Ottawa Senators,1,0,0.5588913288287186,0.44110867117128133
2020-01-10,Carolina Hurricanes,Arizona Coyotes,1,1,0.40298951058572346,0.5970104894142765
2020-01-10,Colorado Avalanche,Pittsburgh Penguins,0,1,0.49094617315589467,0.5090538268441054
2020-01-11,Buffalo Sabres,Vancouver Canucks,0,1,0.4419718721020039,0.5580281278979963
2020-01-11,Ottawa Senators,Montreal Canadiens,0,0,0.5104624515813728,0.4895375484186271
2020-01-11,New York Islanders,Boston Bruins,0,0,0.5178601233176358,0.4821398766823642
2020-01-11,Philadelphia Flyers,Tampa Bay Lightning,0,0,0.5011143809888705,0.4988856190111295
2020-01-11,Washington Capitals,New Jersey Devils,0,1,0.3129115324115146,0.6870884675884855
2020-01-11,Carolina Hurricanes,Los Angeles Kings,1,1,0.3162518226628568,0.6837481773371431
2020-01-11,St Louis Blues,New York Rangers,1,1,0.3795307175342013,0.6204692824657985
2020-01-11,Chicago Blackhawks,Anaheim Ducks,1,1,0.4607664213291918,0.539233578670808
2020-01-11,Calgary Flames,Edmonton Oilers,1,1,0.4442752860724957,0.555724713927504
2020-01-11,Vegas Golden Knights,Columbus Blue Jackets,0,1,0.41901986926317925,0.5809801307368206
2020-01-11,San Jose Sharks,Dallas Stars,1,0,0.5121097160892485,0.4878902839107513
2020-01-12,Winnipeg Jets,Nashville Predators,0,0,0.5049834592491085,0.4950165407508914
2020-01-12,Minnesota Wild,Vancouver Canucks,0,1,0.4327897182742372,0.5672102817257628
2020-01-12,Detroit Red Wings,Buffalo Sabres,0,0,0.568608830743856,0.43139116925614346
2020-01-12,Arizona Coyotes,Pittsburgh Penguins,0,0,0.5491231388198162,0.4508768611801837
2020-01-12,Florida Panthers,Toronto Maple Leafs,1,1,0.46908160047862923,0.5309183995213707
2020-01-12,New Jersey Devils,Tampa Bay Lightning,1,0,0.5721127286365303,0.42788727136346927
2020-01-13,Montreal Canadiens,Calgary Flames,1,1,0.44043182444432344,0.5595681755556764
2020-01-13,New York Rangers,New York Islanders,1,0,0.5240016770881654,0.4759983229118347
2020-01-13,Philadelphia Flyers,Boston Bruins,1,1,0.47908887047537885,0.5209111295246213
2020-01-13,Washington Capitals,Carolina Hurricanes,1,1,0.4603840091408441,0.5396159908591558
2020-01-13,St Louis Blues,Anaheim Ducks,1,1,0.3614380244238373,0.6385619755761632
2020-01-14,Buffalo Sabres,Vegas Golden Knights,1,0,0.5089452399563458,0.4910547600436542
2020-01-14,Toronto Maple Leafs,New Jersey Devils,1,1,0.36248635233812254,0.6375136476618777
2020-01-14,Tampa Bay Lightning,Los Angeles Kings,1,1,0.3757848217680219,0.6242151782319777
2020-01-14,New York Islanders,Detroit Red Wings,1,1,0.32958809014394147,0.6704119098560587
2020-01-14,Pittsburgh Penguins,Minnesota Wild,1,1,0.3418673185898577,0.6581326814101423
2020-01-14,Columbus Blue Jackets,Boston Bruins,1,0,0.521276521836179,0.47872347816382094
2020-01-14,Ottawa Senators,Chicago Blackhawks,0,1,0.45980906391756465,0.5401909360824353
2020-01-14,Winnipeg Jets,Vancouver Canucks,1,1,0.4715276264986937,0.5284723735013062
2020-01-14,Colorado Avalanche,Dallas Stars,0,1,0.434225278380763,0.5657747216192368
2020-01-14,Edmonton Oilers,Nashville Predators,1,1,0.48605243934870423,0.5139475606512958
2020-01-14,Arizona Coyotes,San Jose Sharks,1,1,0.42781070373758373,0.5721892962624164
2020-01-15,Montreal Canadiens,Chicago Blackhawks,0,1,0.4085282451377556,0.5914717548622443
2020-01-15,St Louis Blues,Philadelphia Flyers,0,1,0.4645563887572919,0.535443611242708
2020-01-16,Boston Bruins,Pittsburgh Penguins,1,1,0.48682416105457194,0.5131758389454281
2020-01-16,Toronto Maple Leafs,Calgary Flames,0,1,0.4019335231112234,0.5980664768887769
2020-01-16,Florida Panthers,Los Angeles Kings,1,1,0.45219125261392995,0.5478087473860701
2020-01-16,New York Islanders,New York Rangers,0,1,0.39961333617427586,0.6003866638257238
2020-01-16,Philadelphia Flyers,Montreal Canadiens,0,1,0.4589872856540812,0.5410127143459188
2020-01-16,Washington Capitals,New Jersey Devils,1,1,0.30308043979856847,0.6969195602014316
2020-01-16,Columbus Blue Jackets,Carolina Hurricanes,1,0,0.5248171562344214,0.47518284376557873
2020-01-16,Ottawa Senators,Vegas Golden Knights,0,0,0.5355436320455688,0.4644563679544312
2020-01-16,Nashville Predators,Anaheim Ducks,0,1,0.3817631443438785,0.6182368556561216
2020-01-16,Minnesota Wild,Tampa Bay Lightning,1,0,0.5458551486073742,0.4541448513926259
2020-01-16,Dallas Stars,Buffalo Sabres,0,1,0.4283193629665717,0.5716806370334285
2020-01-16,Colorado Avalanche,San Jose Sharks,1,1,0.351802215595368,0.6481977844046318
2020-01-16,Vancouver Canucks,Arizona Coyotes,1,1,0.4509917469222945,0.5490082530777054
2020-01-17,Detroit Red Wings,Pittsburgh Penguins,0,0,0.5585172291621949,0.4414827708378046
2020-01-17,Carolina Hurricanes,Anaheim Ducks,0,1,0.3116555577304633,0.6883444422695368
2020-01-17,Winnipeg Jets,Tampa Bay Lightning,0,0,0.5460623748736593,0.45393762512634045
2020-01-18,New York Islanders,Washington Capitals,0,0,0.5307924615028764,0.4692075384971239
2020-01-18,Colorado Avalanche,St Louis Blues,1,1,0.4210280626077757,0.578971937392224
2020-01-18,Edmonton Oilers,Arizona Coyotes,1,1,0.4535269635695511,0.546473036430449
2020-01-18,Ottawa Senators,Calgary Flames,1,1,0.49820500330413,0.5017949966958701
2020-01-18,Toronto Maple Leafs,Chicago Blackhawks,0,1,0.39701442219838706,0.6029855778016131
2020-01-18,Montreal Canadiens,Vegas Golden Knights,1,1,0.4659917725089493,0.5340082274910506
2020-01-18,Detroit Red Wings,Florida Panthers,0,0,0.5465468487524011,0.4534531512475987
2020-01-18,Philadelphia Flyers,Los Angeles Kings,1,1,0.44869738253179814,0.5513026174682017
2020-01-18,Columbus Blue Jackets,New Jersey Devils,1,1,0.3929147846164988,0.6070852153835015
2020-01-18,Nashville Predators,Buffalo Sabres,1,1,0.4152970030159036,0.5847029969840961
2020-01-18,Minnesota Wild,Dallas Stars,1,1,0.4733681668115364,0.5266318331884635
2020-01-18,Vancouver Canucks,San Jose Sharks,1,1,0.4090517312309239,0.5909482687690759
2020-01-19,Pittsburgh Penguins,Boston Bruins,1,1,0.43197596970265933,0.5680240302973406
2020-01-19,Carolina Hurricanes,New York Islanders,1,1,0.3473273369290636,0.6526726630709364
2020-01-19,New York Rangers,Columbus Blue Jackets,0,0,0.5071261220058302,0.4928738779941698
2020-01-19,Chicago Blackhawks,Winnipeg Jets,1,1,0.46389445533323,0.53610554466677
2020-01-20,Colorado Avalanche,Detroit Red Wings,1,1,0.2875131615957713,0.7124868384042287
2020-01-20,Minnesota Wild,Florida Panthers,0,1,0.47533919137941555,0.5246608086205843
2020-01-21,Boston Bruins,Vegas Golden Knights,1,1,0.46699435845375653,0.5330056415462436
2020-01-21,New York Rangers,New York Islanders,0,0,0.5048564278708819,0.4951435721291182
2020-01-21,Carolina Hurricanes,Winnipeg Jets,1,1,0.38962879727366856,0.6103712027263314
2020-01-21,Philadelphia Flyers,Pittsburgh Penguins,1,0,0.5115781798154876,0.4884218201845126
2020-01-21,Chicago Blackhawks,Florida Panthers,0,0,0.5270094838559926,0.4729905161440076
2020-01-22,Columbus Blue Jackets,Winnipeg Jets,1,1,0.4272035483643829,0.5727964516356174
2020-01-22,Minnesota Wild,Detroit Red Wings,1,1,0.29899484286597866,0.7010051571340215
2020-01-27,Montreal Canadiens,Washington Capitals,0,0,0.5187996594734446,0.4812003405265553
2020-01-27,Ottawa Senators,New Jersey Devils,0,1,0.45825580646272507,0.5417441935372747
2020-01-27,Nashville Predators,Toronto Maple Leafs,0,1,0.45324381059551716,0.5467561894044827
2020-01-27,Dallas Stars,Tampa Bay Lightning,1,0,0.513136123139339,0.4868638768606611
2020-01-27,Vancouver Canucks,St Louis Blues,1,1,0.4756687787929746,0.5243312212070254
2020-01-27,San Jose Sharks,Anaheim Ducks,1,1,0.4511787590889169,0.5488212409110829
2020-01-28,Buffalo Sabres,Ottawa Senators,0,1,0.40788703033013485,0.5921129696698647
2020-01-28,Calgary Flames,St Louis Blues,0,0,0.510062027887495,0.4899379721125049
2020-01-29,Washington Capitals,Nashville Predators,0,1,0.41877349684749465,0.5812265031525056
2020-01-29,Dallas Stars,Toronto Maple Leafs,0,1,0.4979520738768559,0.5020479261231441
2020-01-29,Edmonton Oilers,Calgary Flames,0,1,0.4527389394354256,0.5472610605645742
2020-01-29,Anaheim Ducks,Arizona Coyotes,1,1,0.4932793363430023,0.5067206636569976
2020-01-29,Los Angeles Kings,Tampa Bay Lightning,0,0,0.5076278249667587,0.49237217503324116
2020-01-29,San Jose Sharks,Vancouver Canucks,0,0,0.5149987032546323,0.48500129674536774
2020-01-30,Buffalo Sabres,Montreal Canadiens,0,1,0.4931600307978364,0.5068399692021637
2020-01-30,New Jersey Devils,Nashville Predators,0,0,0.5527089965565583,0.4472910034434418
2020-01-30,Arizona Coyotes,Los Angeles Kings,0,1,0.4574098572394307,0.5425901427605692
2020-01-31,New York Rangers,Detroit Red Wings,1,1,0.3745896225364935,0.6254103774635069
2020-01-31,Pittsburgh Penguins,Philadelphia Flyers,1,1,0.4063854960965884,0.5936145039034115
2020-01-31,Ottawa Senators,Washington Capitals,0,0,0.5642837442768368,0.43571625572316275
2020-01-31,Carolina Hurricanes,Vegas Golden Knights,0,1,0.4033499363421988,0.5966500636578009
2020-01-31,Winnipeg Jets,Boston Bruins,0,0,0.5493316850857942,0.45066831491420567
2020-01-31,Edmonton Oilers,St Louis Blues,1,1,0.47594537919273167,0.5240546208072683
2020-01-31,Anaheim Ducks,Tampa Bay Lightning,0,0,0.5859303123207275,0.41406968767927205
2020-02-01,Buffalo Sabres,Columbus Blue Jackets,1,1,0.49493996390565054,0.5050600360943494
2020-02-01,New York Islanders,Vancouver Canucks,0,1,0.4769317568823987,0.5230682431176014
2020-02-01,Montreal Canadiens,Florida Panthers,1,1,0.4663804036102604,0.5336195963897394
2020-02-01,Toronto Maple Leafs,Ottawa Senators,1,1,0.36798385798198396,0.6320161420180163
2020-02-01,Detroit Red Wings,New York Rangers,0,0,0.5364976199888958,0.46350238001110394
2020-02-01,New Jersey Devils,Dallas Stars,0,0,0.5115439169268813,0.4884560830731185
2020-02-01,Philadelphia Flyers,Colorado Avalanche,1,1,0.4732770796239313,0.5267229203760685
2020-02-01,Winnipeg Jets,St Louis Blues,1,0,0.5144349814334963,0.48556501856650375
2020-02-01,Nashville Predators,Vegas Golden Knights,0,1,0.44935940806089425,0.5506405919391054
2020-02-01,Minnesota Wild,Boston Bruins,0,1,0.49271403397866126,0.5072859660213387
2020-02-01,Arizona Coyotes,Chicago Blackhawks,0,1,0.4375376264316648,0.562462373568335
2020-02-01,Calgary Flames,Edmonton Oilers,0,1,0.4493777817354704,0.5506222182645294
2020-02-01,Los Angeles Kings,Anaheim Ducks,0,1,0.41798345532580927,0.5820165446741907
2020-02-01,San Jose Sharks,Tampa Bay Lightning,0,0,0.5774406789012222,0.4225593210987772
2020-02-02,Washington Capitals,Pittsburgh Penguins,0,1,0.4284415826659246,0.5715584173340749
2020-02-02,Montreal Canadiens,Columbus Blue Jackets,0,1,0.44940229625945255,0.5505977037405472
2020-02-02,Carolina Hurricanes,Vancouver Canucks,1,1,0.411578503079668,0.588421496920332
2020-02-03,Toronto Maple Leafs,Florida Panthers,0,1,0.42344582002833564,0.5765541799716644
2020-02-03,New York Rangers,Dallas Stars,0,0,0.5270354398549277,0.4729645601450722
2020-02-03,Detroit Red Wings,Philadelphia Flyers,0,0,0.5478112852756285,0.45218871472437133
2020-02-04,Boston Bruins,Vancouver Canucks,1,1,0.393767308946982,0.6062326910530178
2020-02-04,Buffalo Sabres,Colorado Avalanche,0,0,0.5536289466768334,0.44637105332316634
2020-02-04,Tampa Bay Lightning,Vegas Golden Knights,1,1,0.43956645820823514,0.5604335417917647
2020-02-04,New Jersey Devils,Montreal Canadiens,0,0,0.5481998024445,0.45180019755550005
2020-02-04,New York Islanders,Dallas Stars,1,1,0.49747918073027386,0.5025208192697262
2020-02-04,Washington Capitals,Los Angeles Kings,1,1,0.40386045643457946,0.5961395435654205
2020-02-04,Columbus Blue Jackets,Florida Panthers,1,1,0.4705072351916423,0.5294927648083577
2020-02-04,Ottawa Senators,Anaheim Ducks,0,1,0.46314127834128005,0.5368587216587198
2020-02-04,St Louis Blues,Carolina Hurricanes,1,0,0.5020499115173152,0.49795008848268496
2020-02-04,Minnesota Wild,Chicago Blackhawks,1,1,0.43009882904617003,0.5699011709538297
2020-02-04,Winnipeg Jets,Nashville Predators,0,0,0.504444647756252,0.49555535224374814
2020-02-04,Calgary Flames,San Jose Sharks,0,1,0.4136462950963611,0.5863537049036388
2020-02-04,Arizona Coyotes,Edmonton Oilers,1,1,0.473892358140682,0.5261076418593179
2020-02-05,New York Rangers,Toronto Maple Leafs,1,0,0.5198223895921854,0.4801776104078145
2020-02-05,Chicago Blackhawks,Boston Bruins,0,0,0.5581131593396944,0.4418868406603053
2020-02-06,Buffalo Sabres,Detroit Red Wings,0,1,0.2831892106034085,0.7168107893965914
2020-02-06,Montreal Canadiens,Anaheim Ducks,1,1,0.40296512584059524,0.597034874159405
2020-02-06,Tampa Bay Lightning,Pittsburgh Penguins,1,1,0.4529187559288374,0.5470812440711625
2020-02-06,Florida Panthers,Vegas Golden Knights,0,1,0.48977828025590897,0.5102217197440909
2020-02-06,New York Islanders,Los Angeles Kings,1,1,0.422328100228809,0.577671899771191
2020-02-06,Philadelphia Flyers,New Jersey Devils,0,1,0.3169612038590559,0.6830387961409443
2020-02-06,Ottawa Senators,Colorado Avalanche,0,0,0.560892161555063,0.4391078384449368
2020-02-06,St Louis Blues,Winnipeg Jets,0,1,0.4110812712978233,0.5889187287021768
2020-02-06,Minnesota Wild,Vancouver Canucks,1,1,0.4465645820328057,0.5534354179671944
2020-02-06,Calgary Flames,Nashville Predators,0,0,0.5015582760964266,0.4984417239035735
2020-02-06,Arizona Coyotes,Carolina Hurricanes,0,0,0.5220192450027068,0.47798075499729326
2020-02-06,Edmonton Oilers,San Jose Sharks,0,1,0.4222241210425469,0.5777758789574533
2020-02-07,Toronto Maple Leafs,Anaheim Ducks,1,1,0.3841018597865733,0.6158981402134266
2020-02-07,New York Rangers,Buffalo Sabres,0,1,0.45954624074732303,0.540453759252677
2020-02-07,Columbus Blue Jackets,Detroit Red Wings,1,1,0.27368031109740987,0.7263196889025901
2020-02-07,Dallas Stars,Minnesota Wild,0,1,0.4505919676718394,0.5494080323281606
2020-02-08,Winnipeg Jets,Ottawa Senators,1,1,0.42028540467800946,0.5797145953219904
2020-02-08,Boston Bruins,Arizona Coyotes,1,1,0.3649678044590677,0.6350321955409327
2020-02-08,Montreal Canadiens,Toronto Maple Leafs,1,1,0.4554191034022353,0.5445808965977648
2020-02-08,Tampa Bay Lightning,New York Islanders,1,1,0.4076976359171176,0.5923023640828826
2020-02-08,Florida Panthers,Pittsburgh Penguins,0,0,0.5183899363180213,0.4816100636819788
2020-02-08,New Jersey Devils,Los Angeles Kings,1,1,0.4760575567758239,0.5239424432241759
2020-02-08,Washington Capitals,Philadelphia Flyers,0,1,0.44166693918690003,0.5583330608130999
2020-02-08,Columbus Blue Jackets,Colorado Avalanche,0,1,0.4815794511994739,0.5184205488005261
2020-02-08,Edmonton Oilers,Nashville Predators,1,1,0.4738037280762388,0.5261962719237612
2020-02-08,St Louis Blues,Dallas Stars,0,1,0.43799558063577854,0.5620044193642214
2020-02-08,Vancouver Canucks,Calgary Flames,0,1,0.45243387906840815,0.547566120931592
2020-02-08,Vegas Golden Knights,Carolina Hurricanes,0,1,0.46957859856112943,0.5304214014388704
2020-02-09,Detroit Red Wings,Boston Bruins,1,0,0.5219102459106002,0.4780897540893994
2020-02-09,Buffalo Sabres,Anaheim Ducks,0,1,0.44421533543933056,0.5557846645606691
2020-02-09,New York Rangers,Los Angeles Kings,1,1,0.46898226006134874,0.5310177399386513
2020-02-09,Winnipeg Jets,Chicago Blackhawks,1,1,0.4402880503783869,0.5597119496216124
2020-02-09,Minnesota Wild,Colorado Avalanche,0,0,0.5075037416084742,0.4924962583915258
2020-02-10,Montreal Canadiens,Arizona Coyotes,0,1,0.4252980900295634,0.5747019099704367
2020-02-10,Philadelphia Flyers,Florida Panthers,1,1,0.41807781391319726,0.5819221860868027
2020-02-10,Washington Capitals,New York Islanders,0,1,0.37829235341902395,0.6217076465809758
2020-02-10,Columbus Blue Jackets,Tampa Bay Lightning,0,0,0.515534888426134,0.4844651115738659
2020-02-10,Vancouver Canucks,Nashville Predators,1,1,0.4949370182349136,0.5050629817650865
2020-02-10,San Jose Sharks,Calgary Flames,0,1,0.4861027699753122,0.5138972300246877
2020-02-11,Buffalo Sabres,Detroit Red Wings,1,1,0.29050572171286787,0.7094942782871322
2020-02-11,Toronto Maple Leafs,Arizona Coyotes,1,1,0.41873506355320617,0.5812649364467942
2020-02-11,New Jersey Devils,Florida Panthers,0,0,0.5428605178043306,0.4571394821956689
2020-02-11,New York Islanders,Philadelphia Flyers,1,1,0.47991234939439714,0.5200876506056028
2020-02-11,Pittsburgh Penguins,Tampa Bay Lightning,0,1,0.4574114200892686,0.5425885799107312
2020-02-11,Minnesota Wild,Vegas Golden Knights,1,1,0.490586136895368,0.5094138631046319
2020-02-11,Winnipeg Jets,New York Rangers,0,1,0.435478789686446,0.564521210313554
2020-02-11,Dallas Stars,Carolina Hurricanes,1,1,0.4975790410382665,0.5024209589617336
2020-02-11,Colorado Avalanche,Ottawa Senators,1,1,0.30884251778225175,0.6911574822177483
2020-02-11,Edmonton Oilers,Chicago Blackhawks,1,1,0.42196654754755175,0.5780334524524483
2020-02-12,Boston Bruins,Montreal Canadiens,1,1,0.4275133857159301,0.5724866142840701
2020-02-12,Los Angeles Kings,Calgary Flames,1,1,0.47430894558123327,0.5256910544187668
2020-02-12,Vancouver Canucks,Chicago Blackhawks,1,1,0.42599094151739875,0.5740090584826011
2020-02-13,Buffalo Sabres,Columbus Blue Jackets,1,1,0.49057869336169696,0.5094213066383029
2020-02-13,Toronto Maple Leafs,Dallas Stars,0,1,0.42867980218441387,0.5713201978155855
2020-02-13,Tampa Bay Lightning,Edmonton Oilers,1,1,0.38868501072894723,0.6113149892710529
2020-02-13,Florida Panthers,Philadelphia Flyers,0,1,0.4808118950639586,0.5191881049360413
2020-02-13,New Jersey Devils,Detroit Red Wings,1,1,0.3452521042208755,0.6547478957791245
2020-02-13,Ottawa Senators,Arizona Coyotes,1,0,0.5145347348935204,0.4854652651064797
2020-02-13,Nashville Predators,New York Islanders,1,1,0.4449914852166835,0.555008514783316
2020-02-13,Minnesota Wild,New York Rangers,0,1,0.4144521753786369,0.5855478246213629
2020-02-13,Colorado Avalanche,Washington Capitals,0,1,0.4710276525780901,0.5289723474219097
2020-02-13,Vegas Golden Knights,St Louis Blues,1,1,0.4433142152474113,0.5566857847525889
2020-02-13,Anaheim Ducks,Calgary Flames,0,1,0.49563973469086503,0.504360265309135
2020-02-14,Pittsburgh Penguins,Montreal Canadiens,1,1,0.4366308612126016,0.5633691387873985
2020-02-14,Columbus Blue Jackets,New York Rangers,0,1,0.4076733998091022,0.5923266001908977
2020-02-14,Winnipeg Jets,San Jose Sharks,0,1,0.44858785943062074,0.5514121405693792
2020-02-14,Carolina Hurricanes,New Jersey Devils,1,1,0.33951938528450465,0.6604806147154952
2020-02-15,Boston Bruins,Detroit Red Wings,1,1,0.27674153863777273,0.7232584613622276
2020-02-15,St Louis Blues,Nashville Predators,0,1,0.4768838805902655,0.5231161194097346
2020-02-15,Tampa Bay Lightning,Philadelphia Flyers,1,1,0.434513681855352,0.565486318144648
2020-02-15,Florida Panthers,Edmonton Oilers,0,1,0.4275322559403291,0.5724677440596705
2020-02-15,Minnesota Wild,San Jose Sharks,0,1,0.4139161924547431,0.5860838075452571
2020-02-15,Montreal Canadiens,Dallas Stars,0,1,0.46289923575648334,0.5371007642435163
2020-02-15,Ottawa Senators,Toronto Maple Leafs,0,0,0.5540313863339027,0.445968613666097
2020-02-15,Colorado Avalanche,Los Angeles Kings,0,1,0.3971617559894428,0.6028382440105567
2020-02-15,Calgary Flames,Chicago Blackhawks,0,1,0.42588525018956036,0.5741147498104395
2020-02-15,Arizona Coyotes,Washington Capitals,1,0,0.5631391382734936,0.436860861726506
2020-02-15,Vegas Golden Knights,New York Islanders,1,1,0.39879479729423994,0.6012052027057602
2020-02-16,Pittsburgh Penguins,Detroit Red Wings,1,1,0.2730793312097125,0.7269206687902876
2020-02-16,New York Rangers,Boston Bruins,0,0,0.5538234211371497,0.44617657886285
2020-02-16,Carolina Hurricanes,Edmonton Oilers,0,1,0.3893866209656599,0.6106133790343399
2020-02-16,Vancouver Canucks,Anaheim Ducks,0,1,0.4498792316776211,0.5501207683223789
2020-02-16,Ottawa Senators,Dallas Stars,1,0,0.5324161965288993,0.4675838034711008
2020-02-16,New Jersey Devils,Columbus Blue Jackets,1,0,0.5208493109829144,0.4791506890170857
2020-02-16,Nashville Predators,St Louis Blues,1,1,0.4386463949396408,0.5613536050603593
2020-02-16,Buffalo Sabres,Toronto Maple Leafs,1,0,0.5289132868403797,0.4710867131596204
2020-02-16,Winnipeg Jets,Chicago Blackhawks,1,1,0.4369666142641952,0.5630333857358042
2020-02-17,Calgary Flames,Anaheim Ducks,1,1,0.41487559472963403,0.5851244052703656
2020-02-17,Arizona Coyotes,New York Islanders,1,1,0.4628270369888858,0.5371729630111142
2020-02-17,San Jose Sharks,Florida Panthers,0,0,0.5043701836949837,0.4956298163050163
2020-02-17,Vegas Golden Knights,Washington Capitals,1,1,0.4698868170555779,0.5301131829444222
2020-02-17,Colorado Avalanche,Tampa Bay Lightning,0,1,0.481196229266678,0.518803770733322
2020-02-18,Philadelphia Flyers,Columbus Blue Jackets,1,1,0.41831826402630984,0.5816817359736899
2020-02-18,Pittsburgh Penguins,Toronto Maple Leafs,1,1,0.4246666082878081,0.5753333917121918
2020-02-18,Ottawa Senators,Buffalo Sabres,1,1,0.4987481813107061,0.5012518186892938
2020-02-18,Detroit Red Wings,Montreal Canadiens,1,0,0.5689604842640941,0.4310395157359054
2020-02-18,St Louis Blues,New Jersey Devils,1,1,0.373092008698896,0.6269079913011039
2020-02-18,Nashville Predators,Carolina Hurricanes,0,1,0.4824896103338058,0.5175103896661941
2020-02-18,Winnipeg Jets,Los Angeles Kings,1,1,0.4744327528102357,0.5255672471897643
2020-02-19,Chicago Blackhawks,New York Rangers,0,1,0.45197456805726216,0.5480254319427375
2020-02-19,Dallas Stars,Arizona Coyotes,1,1,0.41847134253759155,0.5815286574624083
2020-02-19,Edmonton Oilers,Boston Bruins,0,0,0.5328015346959674,0.4671984653040328
2020-02-19,Colorado Avalanche,New York Islanders,1,1,0.40397310034586015,0.59602689965414
2020-02-19,Anaheim Ducks,Florida Panthers,0,0,0.5221597547905511,0.4778402452094488
2020-02-19,Vancouver Canucks,Minnesota Wild,0,1,0.48411539242230756,0.5158846075776926
2020-02-20,Toronto Maple Leafs,Pittsburgh Penguins,1,1,0.49795579526376027,0.5020442047362398
2020-02-20,New Jersey Devils,San Jose Sharks,1,1,0.46385983871072695,0.5361401612892731
2020-02-20,Washington Capitals,Montreal Canadiens,0,1,0.42568745566573163,0.5743125443342687
2020-02-20,Columbus Blue Jackets,Philadelphia Flyers,0,1,0.4888287053379243,0.5111712946620757
2020-02-20,Ottawa Senators,Winnipeg Jets,0,1,0.49952332609109673,0.5004766739089032
2020-02-20,St Louis Blues,Arizona Coyotes,1,1,0.4164569963140805,0.5835430036859193
2020-02-20,Vegas Golden Knights,Tampa Bay Lightning,1,0,0.5048255568677964,0.49517444313220366
2020-02-20,Los Angeles Kings,Florida Panthers,1,1,0.49872804997027076,0.5012719500297292
2020-02-21,Carolina Hurricanes,New York Rangers,0,1,0.34695645916440243,0.6530435408355973
2020-02-21,New York Islanders,Detroit Red Wings,1,1,0.27867340654750283,0.7213265934524971
2020-02-21,Chicago Blackhawks,Nashville Predators,1,0,0.5185052508362851,0.48149474916371493
2020-02-21,Dallas Stars,St Louis Blues,0,1,0.4604951541842522,0.5395048458157478
2020-02-21,Calgary Flames,Boston Bruins,0,0,0.5412327336258554,0.4587672663741445
2020-02-21,Edmonton Oilers,Minnesota Wild,0,1,0.4573695651551336,0.5426304348448665
2020-02-21,Anaheim Ducks,Colorado Avalanche,0,0,0.5687565702153388,0.4312434297846607
2020-02-22,New Jersey Devils,Washington Capitals,1,0,0.5898300488836238,0.4101699511163758
2020-02-22,Philadelphia Flyers,Winnipeg Jets,1,1,0.41225593478456596,0.587744065215434
2020-02-22,Pittsburgh Penguins,Buffalo Sabres,0,1,0.3523083810434714,0.6476916189565288
2020-02-22,Toronto Maple Leafs,Carolina Hurricanes,0,1,0.4695641988930771,0.5304358011069226
2020-02-22,Ottawa Senators,Montreal Canadiens,0,0,0.5091962847723531,0.4908037152276467
2020-02-22,New York Rangers,San Jose Sharks,1,1,0.45051845909329175,0.5494815409067083
2020-02-22,Nashville Predators,Columbus Blue Jackets,1,1,0.4408207226431794,0.5591792773568203
2020-02-22,Arizona Coyotes,Tampa Bay Lightning,1,0,0.5688006368930479,0.43119936310695145
2020-02-22,Vancouver Canucks,Boston Bruins,1,0,0.5530528489918428,0.446947151008157
2020-02-22,Vegas Golden Knights,Florida Panthers,1,1,0.42747769457965173,0.5725223054203483
2020-02-22,Los Angeles Kings,Colorado Avalanche,0,0,0.5226885484914833,0.4773114515085165
2020-02-23,Washington Capitals,Pittsburgh Penguins,1,1,0.4350374342087773,0.5649625657912223
2020-02-23,Buffalo Sabres,Winnipeg Jets,1,1,0.4478086565696129,0.552191343430387
2020-02-23,Dallas Stars,Chicago Blackhawks,1,1,0.40844596598888644,0.5915540340111136
2020-02-23,New York Islanders,San Jose Sharks,1,1,0.43855762503639134,0.5614423749636087
2020-02-23,Detroit Red Wings,Calgary Flames,0,0,0.5736463582542687,0.42635364174573087
2020-02-23,Minnesota Wild,St Louis Blues,0,1,0.47663066491722184,0.523369335082778
2020-02-23,Anaheim Ducks,Vegas Golden Knights,0,0,0.5625290415328609,0.43747095846713874
2020-02-23,Los Angeles Kings,Edmonton Oilers,0,1,0.4711610166084552,0.5288389833915448
2020-02-24,Columbus Blue Jackets,Ottawa Senators,1,1,0.37879178169045774,0.6212082183095422
2020-02-25,Boston Bruins,Calgary Flames,0,1,0.3621237635051931,0.6378762364948073
2020-02-25,Montreal Canadiens,Vancouver Canucks,0,1,0.44906765922555786,0.5509323407744424
2020-02-25,Tampa Bay Lightning,Toronto Maple Leafs,0,1,0.4268250946372685,0.5731749053627315
2020-02-25,New York Islanders,New York Rangers,0,1,0.4401215606778653,0.5598784393221347
2020-02-25,Philadelphia Flyers,San Jose Sharks,1,1,0.35556499902691524,0.6444350009730847
2020-02-25,Washington Capitals,Winnipeg Jets,1,1,0.39298152318735863,0.6070184768126413
2020-02-25,Carolina Hurricanes,Dallas Stars,0,1,0.4180601738826221,0.5819398261173773
2020-02-25,Detroit Red Wings,New Jersey Devils,0,0,0.5591057195980654,0.44089428040193435
2020-02-25,St Louis Blues,Chicago Blackhawks,1,1,0.4063401863647014,0.5936598136352988
2020-02-25,Nashville Predators,Ottawa Senators,1,1,0.3945003132462951,0.6054996867537051
2020-02-25,Minnesota Wild,Columbus Blue Jackets,1,1,0.4542935020955462,0.5457064979044535
2020-02-25,Arizona Coyotes,Florida Panthers,0,1,0.49015488415937924,0.5098451158406209
2020-02-25,Anaheim Ducks,Edmonton Oilers,1,0,0.5249373236077346,0.47506267639226524
2020-02-26,Colorado Avalanche,Buffalo Sabres,1,1,0.36985534182906105,0.6301446581709386
2020-02-26,Vegas Golden Knights,Edmonton Oilers,1,1,0.403008297316646,0.5969917026833541
2020-02-26,Los Angeles Kings,Pittsburgh Penguins,1,0,0.5194158280259735,0.48058417197402614
2020-02-27,Montreal Canadiens,New York Rangers,0,1,0.38283580800456846,0.6171641919954316
2020-02-27,Tampa Bay Lightning,Chicago Blackhawks,0,1,0.3209617648798644,0.6790382351201357
2020-02-27,Florida Panthers,Toronto Maple Leafs,0,1,0.4956186746003307,0.5043813253996694
2020-02-27,Boston Bruins,Dallas Stars,1,1,0.4086627433746598,0.5913372566253402
2020-02-27,Ottawa Senators,Vancouver Canucks,1,0,0.5283405230232116,0.4716594769767881
2020-02-27,Detroit Red Wings,Minnesota Wild,0,0,0.5950403574451275,0.40495964255487193
2020-02-27,St Louis Blues,New York Islanders,1,1,0.413598264724754,0.586401735275246
2020-02-27,Nashville Predators,Calgary Flames,1,1,0.4277707251312315,0.5722292748687682
2020-02-27,Winnipeg Jets,Washington Capitals,1,0,0.5562688892804813,0.4437311107195183
2020-02-27,San Jose Sharks,New Jersey Devils,1,1,0.43450970418232415,0.5654902958176756
2020-02-28,Philadelphia Flyers,New York Rangers,1,1,0.371702240623549,0.6282977593764508
2020-02-28,Columbus Blue Jackets,Minnesota Wild,0,1,0.4471601607448685,0.5528398392551316
2020-02-28,Carolina Hurricanes,Colorado Avalanche,0,1,0.4548065514587967,0.545193448541203
2020-02-28,Vegas Golden Knights,Buffalo Sabres,1,1,0.3979480257983534,0.6020519742016467
2020-02-28,Anaheim Ducks,Pittsburgh Penguins,1,0,0.5805609198501279,0.4194390801498717
2020-02-29,New York Islanders,Boston Bruins,0,0,0.5342583936577631,0.4657416063422371
2020-02-29,Tampa Bay Lightning,Calgary Flames,1,1,0.3751583090563922,0.624841690943608
2020-02-29,Los Angeles Kings,New Jersey Devils,1,1,0.43561349982462616,0.5643865001753738
2020-02-29,Florida Panthers,Chicago Blackhawks,0,1,0.41533724634896074,0.5846627536510391
2020-02-29,Toronto Maple Leafs,Vancouver Canucks,1,1,0.4135227595247395,0.5864772404752602
2020-02-29,Montreal Canadiens,Carolina Hurricanes,1,0,0.5045069518257901,0.4954930481742099
2020-02-29,Ottawa Senators,Detroit Red Wings,1,1,0.3313085830823336,0.6686914169176663
2020-02-29,Nashville Predators,Colorado Avalanche,0,1,0.4993973218746496,0.5006026781253504
2020-02-29,St Louis Blues,Dallas Stars,1,1,0.418215069769964,0.581784930230036
2020-02-29,Arizona Coyotes,Buffalo Sabres,1,1,0.4526503651463351,0.5473496348536648
2020-02-29,Edmonton Oilers,Winnipeg Jets,1,1,0.4512689162443861,0.548731083755614
2020-02-29,San Jose Sharks,Pittsburgh Penguins,1,0,0.57392780768844,0.4260721923115599
2020-03-01,New York Rangers,Philadelphia Flyers,0,0,0.5065338261325574,0.4934661738674425
2020-03-01,Florida Panthers,Calgary Flames,0,1,0.4501981572132322,0.5498018427867676
2020-03-01,Columbus Blue Jackets,Vancouver Canucks,1,1,0.43336014915854215,0.566639850841458
2020-03-01,Minnesota Wild,Washington Capitals,0,1,0.49376722032979303,0.506232779670207
2020-03-01,Anaheim Ducks,New Jersey Devils,0,1,0.44144542068067233,0.5585545793193272
2020-03-01,Vegas Golden Knights,Los Angeles Kings,0,1,0.35006665855243596,0.6499333414475642
2020-03-02,Detroit Red Wings,Colorado Avalanche,0,0,0.5366607178781684,0.4633392821218313
2020-03-02,Nashville Predators,Edmonton Oilers,0,1,0.4425890848757267,0.5574109151242732
2020-03-03,New York Islanders,Montreal Canadiens,0,1,0.4803070100327271,0.5196929899672731
2020-03-03,New York Rangers,St Louis Blues,0,0,0.5037965893028237,0.49620341069717644
2020-03-03,Pittsburgh Penguins,Ottawa Senators,1,1,0.29906170996711323,0.7009382900328871
2020-03-03,Tampa Bay Lightning,Boston Bruins,0,1,0.44915141737885383,0.5508485826211461
2020-03-03,Minnesota Wild,Nashville Predators,1,1,0.44677811753182806,0.5532218824681717
2020-03-03,Winnipeg Jets,Buffalo Sabres,1,1,0.4370740019947184,0.5629259980052814
2020-03-03,Chicago Blackhawks,Anaheim Ducks,1,1,0.4414289941320991,0.5585710058679005
2020-03-03,Dallas Stars,Edmonton Oilers,0,1,0.42323202793469755,0.5767679720653025
2020-03-03,Vegas Golden Knights,New Jersey Devils,1,1,0.3918931961050369,0.6081068038949632
2020-03-03,San Jose Sharks,Toronto Maple Leafs,1,0,0.5567616129541355,0.4432383870458643
2020-03-04,Washington Capitals,Philadelphia Flyers,0,1,0.4449291811753702,0.5550708188246296
2020-03-04,Calgary Flames,Columbus Blue Jackets,1,1,0.46496982313872204,0.5350301768612779
2020-03-04,Colorado Avalanche,Anaheim Ducks,0,1,0.2969017683116331,0.7030982316883668
2020-03-04,Vancouver Canucks,Arizona Coyotes,0,1,0.4339079603689068,0.5660920396310929
2020-03-05,Buffalo Sabres,Pittsburgh Penguins,0,0,0.5479306468564181,0.4520693531435818
2020-03-05,Tampa Bay Lightning,Montreal Canadiens,1,1,0.4346332531891519,0.5653667468108482
2020-03-05,Florida Panthers,Boston Bruins,0,0,0.5437791612796107,0.45622083872038927
2020-03-05,New York Rangers,Washington Capitals,1,0,0.5233049154590099,0.47669508454099
2020-03-05,Philadelphia Flyers,Carolina Hurricanes,1,1,0.4712363176431814,0.5287636823568186
2020-03-05,Ottawa Senators,New York Islanders,1,1,0.48665908800442775,0.5133409119955723
2020-03-05,Nashville Predators,Dallas Stars,1,1,0.4584707077906019,0.5415292922093976
2020-03-05,Chicago Blackhawks,Edmonton Oilers,1,0,0.5033608863912505,0.49663911360874946
2020-03-05,Los Angeles Kings,Toronto Maple Leafs,1,0,0.5179493801164458,0.48205061988355413
2020-03-05,San Jose Sharks,Minnesota Wild,0,0,0.5176721807042927,0.48232781929570756
2020-03-06,New Jersey Devils,St Louis Blues,1,0,0.5500187190130192,0.4499812809869808
2020-03-06,Detroit Red Wings,Chicago Blackhawks,1,0,0.5601260927999042,0.43987390720009556
2020-03-06,Winnipeg Jets,Vegas Golden Knights,1,0,0.518669126311857,0.48133087368814303
2020-03-06,Calgary Flames,Arizona Coyotes,1,1,0.43507838872820115,0.5649216112717989
2020-03-06,Vancouver Canucks,Colorado Avalanche,1,0,0.5336776495070631,0.46632235049293713
2020-03-06,Anaheim Ducks,Toronto Maple Leafs,1,0,0.551485466023206,0.44851453397679375
2020-03-07,New York Islanders,Carolina Hurricanes,0,0,0.5089530655675014,0.4910469344324986
2020-03-07,Pittsburgh Penguins,Washington Capitals,0,1,0.43869433353839876,0.5613056664616014
2020-03-07,Dallas Stars,Nashville Predators,0,1,0.46347640768087134,0.5365235923191286
2020-03-07,Los Angeles Kings,Minnesota Wild,1,0,0.5007928530605426,0.49920714693945756
2020-03-07,Boston Bruins,Tampa Bay Lightning,0,1,0.4531631853342057,0.546836814665794
2020-03-07,Florida Panthers,Montreal Canadiens,1,1,0.4905315712104018,0.5094684287895983
2020-03-07,New York Rangers,New Jersey Devils,0,1,0.4601061322581281,0.539893867741872
2020-03-07,Philadelphia Flyers,Buffalo Sabres,1,1,0.38321929624373396,0.6167807037562663
2020-03-07,San Jose Sharks,Ottawa Senators,0,1,0.4212047237440676,0.5787952762559321
2020-03-07,Edmonton Oilers,Columbus Blue Jackets,1,1,0.4803903370637331,0.519609662936267
2020-03-08,Pittsburgh Penguins,Carolina Hurricanes,0,1,0.45538533831753697,0.544614661682463
2020-03-08,Detroit Red Wings,Tampa Bay Lightning,1,0,0.5360323242672735,0.4639676757327261
2020-03-08,Calgary Flames,Vegas Golden Knights,0,0,0.5101341405087307,0.4898658594912694
2020-03-08,Chicago Blackhawks,St Louis Blues,0,0,0.5153660864992429,0.48463391350075724
2020-03-08,Anaheim Ducks,Minnesota Wild,0,0,0.5462503420667025,0.45374965793329736
2020-03-08,Vancouver Canucks,Columbus Blue Jackets,0,1,0.47265028489006233,0.5273497151099374
2020-03-08,San Jose Sharks,Colorado Avalanche,0,0,0.5664818944255317,0.43351810557446785
2020-03-09,Buffalo Sabres,Washington Capitals,1,0,0.5483374397912374,0.45166256020876216
2020-03-09,Winnipeg Jets,Arizona Coyotes,1,1,0.45144318990762494,0.5485568100923748
2020-03-09,St Louis Blues,Florida Panthers,0,1,0.4178457826005622,0.5821542173994377
2020-03-09,Edmonton Oilers,Vegas Golden Knights,0,1,0.49737341786639344,0.5026265821336067
2020-03-09,Los Angeles Kings,Colorado Avalanche,1,0,0.5297447255701409,0.470255274429859
2020-03-10,Toronto Maple Leafs,Tampa Bay Lightning,1,1,0.48624566956621534,0.5137543304337847
2020-03-10,Montreal Canadiens,Nashville Predators,0,1,0.4433133946238294,0.5566866053761707
2020-03-10,New Jersey Devils,Pittsburgh Penguins,0,0,0.5752992091376191,0.4247007908623806
2020-03-10,Philadelphia Flyers,Boston Bruins,0,1,0.45635037602306705,0.5436496239769326
2020-03-10,Detroit Red Wings,Carolina Hurricanes,0,0,0.5726001554467137,0.4273998445532858
2020-03-10,Dallas Stars,New York Rangers,0,1,0.40950267020116615,0.5904973297988341
2020-03-10,Vancouver Canucks,New York Islanders,1,1,0.4478000614917498,0.55219993850825
2020-03-10,Anaheim Ducks,Ottawa Senators,1,1,0.44261045732440085,0.5573895426755989
2020-03-11,Chicago Blackhawks,San Jose Sharks,1,1,0.4484555632240816,0.5515444367759184
2020-03-11,Edmonton Oilers,Winnipeg Jets,0,1,0.46295709915493216,0.5370429008450679
2020-03-11,Anaheim Ducks,St Louis Blues,0,0,0.5381963149842164,0.46180368501578334
2020-03-11,Colorado Avalanche,New York Rangers,1,1,0.3830182994262703,0.6169817005737295
2020-03-11,Los Angeles Kings,Ottawa Senators,1,1,0.4135633327248047,0.5864366672751948
